,suburb_id,ttl_properties_sold,ttl_house_sold,ttl_house_tier1,ttl_house_tier2,ttl_house_tier3,ttl_apt_sold,ttl_apt_tier1,ttl_apt_tier2,ttl_apt_tier3,house_affordability_tier1,house_affordability_tier2,house_affordability_tier3,apt_affordability_tier1,apt_affordability_tier2,apt_affordability_tier3
0,eltham-north-vic-3095,65,65,35,6,0,0,0,0,0,0.5384615384615384,0.09230769230769231,0.0,,,
1,northgate-qld-4013,66,47,7,4,0,19,1,0,0,0.14893617021276595,0.0851063829787234,0.0,0.05263157894736842,0.0,0.0
2,cherrybrook-nsw-2126,132,132,20,72,37,0,0,0,0,0.15151515151515152,0.5454545454545454,0.2803030303030303,,,
3,roxburgh-park-vic-3064,221,219,0,0,0,2,1,0,0,0.0,0.0,0.0,0.5,0.0,0.0
4,taringa-qld-4068,144,46,16,7,7,98,15,7,3,0.34782608695652173,0.15217391304347827,0.15217391304347827,0.15306122448979592,0.07142857142857142,0.030612244897959183
5,hawthorn-east-vic-3123,138,54,9,15,30,84,53,7,3,0.16666666666666666,0.2777777777777778,0.5555555555555556,0.6309523809523809,0.08333333333333333,0.03571428571428571
6,frenchs-forest-nsw-2086,152,151,27,73,51,1,0,0,1,0.17880794701986755,0.48344370860927155,0.33774834437086093,0.0,0.0,1.0
7,gaythorne-qld-4051,41,18,0,0,0,23,2,0,0,0.0,0.0,0.0,0.08695652173913043,0.0,0.0
8,cairnlea-vic-3023,56,52,6,0,0,4,0,0,0,0.11538461538461539,0.0,0.0,0.0,0.0,0.0
9,chippendale-nsw-2008,85,15,6,7,2,70,36,21,9,0.4,0.4666666666666667,0.13333333333333333,0.5142857142857142,0.3,0.12857142857142856
10,woodridge-wa-6041,14,14,0,0,0,0,0,0,0,0.0,0.0,0.0,,,
11,north-curl-curl-nsw-2099,36,33,0,1,32,3,1,1,1,0.0,0.030303030303030304,0.9696969696969697,0.3333333333333333,0.3333333333333333,0.3333333333333333
12,nudgee-beach-qld-4014,3,3,0,0,0,0,0,0,0,0.0,0.0,0.0,,,
13,caroline-springs-vic-3023,259,239,13,0,1,20,4,0,0,0.05439330543933055,0.0,0.0041841004184100415,0.2,0.0,0.0
14,newport-nsw-2106,143,88,5,24,59,55,14,19,21,0.056818181818181816,0.2727272727272727,0.6704545454545454,0.2545454545454545,0.34545454545454546,0.38181818181818183
15,woodville-sa-5011,26,19,3,0,0,7,0,0,0,0.15789473684210525,0.0,0.0,0.0,0.0,0.0
16,duncraig-wa-6023,112,110,15,3,1,2,0,0,0,0.13636363636363635,0.02727272727272727,0.00909090909090909,0.0,0.0,0.0
17,lidcombe-nsw-2141,138,94,51,21,6,44,40,4,0,0.5425531914893617,0.22340425531914893,0.06382978723404255,0.9090909090909091,0.09090909090909091,0.0
18,seventeen-mile-rocks-qld-4073,25,25,4,0,0,0,0,0,0,0.16,0.0,0.0,,,
19,diamond-creek-vic-3089,121,114,33,5,0,7,7,0,0,0.2894736842105263,0.043859649122807015,0.0,1.0,0.0,0.0
20,edwardstown-sa-5039,60,47,0,0,0,13,0,0,0,0.0,0.0,0.0,0.0,0.0,0.0
21,pascoe-vale-vic-3044,163,102,46,4,0,61,40,4,1,0.45098039215686275,0.0392156862745098,0.0,0.6557377049180327,0.06557377049180328,0.01639344262295082
22,mont-albert-vic-3127,33,15,0,5,9,18,14,3,0,0.0,0.3333333333333333,0.6,0.7777777777777778,0.16666666666666666,0.0
23,chermside-west-qld-4032,97,94,0,0,0,3,1,0,0,0.0,0.0,0.0,0.3333333333333333,0.0,0.0
24,woollahra-nsw-2025,140,69,1,6,62,71,2,34,35,0.014492753623188406,0.08695652173913043,0.8985507246376812,0.028169014084507043,0.4788732394366197,0.49295774647887325
25,largs-north-sa-5016,56,50,0,0,0,6,0,0,0,0.0,0.0,0.0,0.0,0.0,0.0
26,flemington-vic-3031,88,45,16,8,4,43,15,0,0,0.35555555555555557,0.17777777777777778,0.08888888888888889,0.3488372093023256,0.0,0.0
27,maroubra-nsw-2035,281,141,4,29,108,140,47,69,23,0.028368794326241134,0.20567375886524822,0.7659574468085106,0.3357142857142857,0.4928571428571429,0.16428571428571428
28,brunswick-vic-3056,341,165,86,33,4,176,94,12,2,0.5212121212121212,0.2,0.024242424242424242,0.5340909090909091,0.06818181818181818,0.011363636363636364
29,allenby-gardens-sa-5009,20,18,2,0,0,2,0,0,0,0.1111111111111111,0.0,0.0,0.0,0.0,0.0
30,morning-bay-nsw-2105,1,1,0,0,1,0,0,0,0,0.0,0.0,1.0,,,
31,kealba-vic-3021,37,36,1,0,0,1,0,0,0,0.027777777777777776,0.0,0.0,0.0,0.0,0.0
32,seven-hills-nsw-2147,282,253,30,2,0,29,23,0,0,0.11857707509881422,0.007905138339920948,0.0,0.7931034482758621,0.0,0.0
33,barangaroo-nsw-2000,2,0,0,0,0,2,0,0,2,,,,0.0,0.0,1.0
34,camden-park-sa-5038,52,28,1,0,0,24,0,0,0,0.03571428571428571,0.0,0.0,0.0,0.0,0.0
35,churchlands-wa-6018,26,24,8,10,3,2,0,1,0,0.3333333333333333,0.4166666666666667,0.125,0.0,0.5,0.0
36,red-hill-qld-4059,94,69,28,8,2,25,10,0,1,0.4057971014492754,0.11594202898550725,0.028985507246376812,0.4,0.0,0.04
37,flinders-park-sa-5025,91,88,3,0,0,3,0,0,0,0.03409090909090909,0.0,0.0,0.0,0.0,0.0
38,taigum-qld-4018,52,35,0,0,0,17,0,0,0,0.0,0.0,0.0,0.0,0.0,0.0
39,underdale-sa-5032,29,23,4,0,0,6,0,0,0,0.17391304347826086,0.0,0.0,0.0,0.0,0.0
40,taylors-hill-vic-3037,118,118,12,0,0,0,0,0,0,0.1016949152542373,0.0,0.0,,,
41,castle-hill-nsw-2154,411,336,87,159,88,75,25,48,2,0.25892857142857145,0.4732142857142857,0.2619047619047619,0.3333333333333333,0.64,0.02666666666666667
42,coopers-plains-qld-4108,63,62,1,0,0,1,0,0,0,0.016129032258064516,0.0,0.0,0.0,0.0,0.0
43,balmain-nsw-2041,186,134,10,39,85,52,8,27,17,0.07462686567164178,0.291044776119403,0.6343283582089553,0.15384615384615385,0.5192307692307693,0.3269230769230769
44,milsons-point-nsw-2061,29,0,0,0,0,29,3,4,22,,,,0.10344827586206896,0.13793103448275862,0.7586206896551724
45,gwelup-wa-6018,29,29,5,0,0,0,0,0,0,0.1724137931034483,0.0,0.0,,,
46,north-ryde-nsw-2113,153,104,13,52,39,49,27,21,0,0.125,0.5,0.375,0.5510204081632653,0.42857142857142855,0.0
47,bronte-nsw-2024,78,37,0,0,37,41,3,13,25,0.0,0.0,1.0,0.07317073170731707,0.3170731707317073,0.6097560975609756
48,hawthorn-vic-3122,213,48,7,20,21,165,85,17,7,0.14583333333333334,0.4166666666666667,0.4375,0.5151515151515151,0.10303030303030303,0.04242424242424243
49,briar-hill-vic-3088,38,31,9,0,0,7,6,1,0,0.2903225806451613,0.0,0.0,0.8571428571428571,0.14285714285714285,0.0
50,pallara-qld-4110,15,15,0,0,0,0,0,0,0,0.0,0.0,0.0,,,
51,dee-why-nsw-2099,428,51,3,17,31,377,143,173,60,0.058823529411764705,0.3333333333333333,0.6078431372549019,0.3793103448275862,0.4588859416445623,0.15915119363395225
52,hoddles-creek-vic-3139,6,6,1,0,0,0,0,0,0,0.16666666666666666,0.0,0.0,,,
53,thornbury-vic-3071,174,91,52,28,5,83,43,4,1,0.5714285714285714,0.3076923076923077,0.054945054945054944,0.5180722891566265,0.04819277108433735,0.012048192771084338
54,west-hindmarsh-sa-5007,29,26,0,0,0,3,0,0,0,0.0,0.0,0.0,0.0,0.0,0.0
55,ferryden-park-sa-5010,24,22,0,0,0,2,0,0,0,0.0,0.0,0.0,0.0,0.0,0.0
56,forestville-nsw-2087,95,84,10,37,36,11,4,4,3,0.11904761904761904,0.44047619047619047,0.42857142857142855,0.36363636363636365,0.36363636363636365,0.2727272727272727
57,surry-hills-nsw-2010,260,55,13,18,24,205,55,68,78,0.23636363636363636,0.32727272727272727,0.43636363636363634,0.2682926829268293,0.33170731707317075,0.3804878048780488
58,rosebery-nsw-2018,159,37,7,9,21,122,56,55,9,0.1891891891891892,0.24324324324324326,0.5675675675675675,0.45901639344262296,0.45081967213114754,0.07377049180327869
59,matraville-nsw-2036,82,57,2,29,25,25,12,12,0,0.03508771929824561,0.5087719298245614,0.43859649122807015,0.48,0.48,0.0
60,mount-colah-nsw-2079,72,56,40,10,2,16,12,1,0,0.7142857142857143,0.17857142857142858,0.03571428571428571,0.75,0.0625,0.0
61,brighton-qld-4017,162,160,7,0,0,2,0,0,0,0.04375,0.0,0.0,0.0,0.0,0.0
62,netley-sa-5037,19,19,1,0,0,0,0,0,0,0.05263157894736842,0.0,0.0,,,
63,coolaroo-vic-3048,31,31,0,0,0,0,0,0,0,0.0,0.0,0.0,,,
64,st-helena-vic-3088,18,18,9,0,0,0,0,0,0,0.5,0.0,0.0,,,
65,west-beach-sa-5024,63,48,18,3,4,15,0,0,0,0.375,0.0625,0.08333333333333333,0.0,0.0,0.0
66,camberwell-vic-3124,123,76,7,21,46,47,22,10,3,0.09210526315789473,0.27631578947368424,0.6052631578947368,0.46808510638297873,0.2127659574468085,0.06382978723404255
67,mont-albert-north-vic-3129,50,43,22,12,7,7,1,5,1,0.5116279069767442,0.27906976744186046,0.16279069767441862,0.14285714285714285,0.7142857142857143,0.14285714285714285
68,st-ives-chase-nsw-2075,2,2,0,1,1,0,0,0,0,0.0,0.5,0.5,,,
69,macleod-vic-3085,85,69,31,5,2,16,16,0,0,0.4492753623188406,0.07246376811594203,0.028985507246376812,1.0,0.0,0.0
70,wingfield-sa-5013,4,4,0,0,0,0,0,0,0,0.0,0.0,0.0,,,
71,phillip-bay-nsw-2036,4,4,0,2,2,0,0,0,0,0.0,0.5,0.5,,,
72,centennial-park-nsw-2021,25,4,0,0,4,21,8,7,5,0.0,0.0,1.0,0.38095238095238093,0.3333333333333333,0.23809523809523808
73,north-rocks-nsw-2151,99,85,46,34,5,14,13,0,0,0.5411764705882353,0.4,0.058823529411764705,0.9285714285714286,0.0,0.0
74,cremorne-nsw-2090,145,17,0,2,15,128,20,53,54,0.0,0.11764705882352941,0.8823529411764706,0.15625,0.4140625,0.421875
75,waverley-nsw-2024,64,23,0,0,23,41,4,11,26,0.0,0.0,1.0,0.0975609756097561,0.2682926829268293,0.6341463414634146
76,great-mackerel-beach-nsw-2108,1,1,0,0,1,0,0,0,0,0.0,0.0,1.0,,,
77,pendle-hill-nsw-2145,63,37,14,0,0,26,8,0,0,0.3783783783783784,0.0,0.0,0.3076923076923077,0.0,0.0
78,beacon-hill-nsw-2100,79,78,13,39,25,1,0,0,1,0.16666666666666666,0.5,0.32051282051282054,0.0,0.0,1.0
79,north-haven-sa-5018,56,53,0,0,0,3,1,0,0,0.0,0.0,0.0,0.3333333333333333,0.0,0.0
80,west-pymble-nsw-2073,49,49,1,18,30,0,0,0,0,0.02040816326530612,0.3673469387755102,0.6122448979591837,,,
81,south-granville-nsw-2142,3,3,1,0,0,0,0,0,0,0.3333333333333333,0.0,0.0,,,
82,kings-langley-nsw-2147,112,112,74,4,0,0,0,0,0,0.6607142857142857,0.03571428571428571,0.0,,,
83,dalkeith-wa-6009,23,23,1,2,20,0,0,0,0,0.043478260869565216,0.08695652173913043,0.8695652173913043,,,
84,potts-hill-nsw-2143,13,6,3,3,0,7,7,0,0,0.5,0.5,0.0,1.0,0.0,0.0
85,hendra-qld-4011,72,66,39,9,6,6,0,0,0,0.5909090909090909,0.13636363636363635,0.09090909090909091,0.0,0.0,0.0
86,clareville-nsw-2107,8,8,0,1,7,0,0,0,0,0.0,0.125,0.875,,,
87,north-bondi-nsw-2026,115,49,0,1,48,66,6,21,39,0.0,0.02040816326530612,0.9795918367346939,0.09090909090909091,0.3181818181818182,0.5909090909090909
88,redfern-nsw-2016,191,79,40,21,17,112,23,57,28,0.5063291139240507,0.26582278481012656,0.21518987341772153,0.20535714285714285,0.5089285714285714,0.25
89,airport-west-vic-3042,111,91,27,0,0,20,19,0,0,0.2967032967032967,0.0,0.0,0.95,0.0,0.0
90,pemulwuy-nsw-2145,82,63,27,5,0,19,16,0,0,0.42857142857142855,0.07936507936507936,0.0,0.8421052631578947,0.0,0.0
91,birrong-nsw-2143,19,19,9,0,0,0,0,0,0,0.47368421052631576,0.0,0.0,,,
92,mindarie-wa-6030,112,106,7,5,0,6,5,0,0,0.0660377358490566,0.04716981132075472,0.0,0.8333333333333334,0.0,0.0
93,balgowlah-nsw-2093,123,51,0,10,41,72,5,39,28,0.0,0.19607843137254902,0.803921568627451,0.06944444444444445,0.5416666666666666,0.3888888888888889
94,sydenham-nsw-2044,23,18,8,8,0,5,3,1,0,0.4444444444444444,0.4444444444444444,0.0,0.6,0.2,0.0
95,denistone-east-nsw-2112,19,19,0,9,10,0,0,0,0,0.0,0.47368421052631576,0.5263157894736842,,,
96,mickleham-vic-3064,312,312,0,4,11,0,0,0,0,0.0,0.01282051282051282,0.035256410256410256,,,
97,kirribilli-nsw-2061,50,11,0,0,11,39,4,6,29,0.0,0.0,1.0,0.10256410256410256,0.15384615384615385,0.7435897435897436
98,darlinghurst-nsw-2010,196,34,5,9,19,162,37,39,75,0.14705882352941177,0.2647058823529412,0.5588235294117647,0.22839506172839505,0.24074074074074073,0.46296296296296297
99,hamilton-qld-4007,162,71,15,15,30,91,33,8,3,0.2112676056338028,0.2112676056338028,0.4225352112676056,0.3626373626373626,0.08791208791208792,0.03296703296703297
100,gordon-nsw-2072,76,39,0,4,35,37,13,18,6,0.0,0.10256410256410256,0.8974358974358975,0.35135135135135137,0.4864864864864865,0.16216216216216217
101,sydney-nsw-2000,196,0,0,0,0,196,45,62,87,,,,0.22959183673469388,0.3163265306122449,0.44387755102040816
102,heidelberg-west-vic-3081,38,34,2,0,0,4,4,0,0,0.058823529411764705,0.0,0.0,1.0,0.0,0.0
103,seville-vic-3139,24,23,0,0,1,1,1,0,0,0.0,0.0,0.043478260869565216,1.0,0.0,0.0
104,bayview-nsw-2104,39,38,0,7,31,1,0,0,1,0.0,0.18421052631578946,0.8157894736842105,0.0,0.0,1.0
105,niddrie-vic-3042,79,67,46,4,1,12,7,2,0,0.6865671641791045,0.05970149253731343,0.014925373134328358,0.5833333333333334,0.16666666666666666,0.0
106,everard-park-sa-5035,11,10,2,0,0,1,0,0,0,0.2,0.0,0.0,0.0,0.0,0.0
107,bilgola-plateau-nsw-2107,40,40,2,13,25,0,0,0,0,0.05,0.325,0.625,,,
108,zetland-nsw-2017,167,8,0,4,3,159,64,80,14,0.0,0.5,0.375,0.4025157232704403,0.5031446540880503,0.0880503144654088
109,macgregor-qld-4109,56,48,3,2,1,8,0,0,0,0.0625,0.041666666666666664,0.020833333333333332,0.0,0.0,0.0
110,lindfield-nsw-2070,110,57,1,3,53,53,7,24,22,0.017543859649122806,0.05263157894736842,0.9298245614035088,0.1320754716981132,0.4528301886792453,0.41509433962264153
111,petersham-nsw-2049,102,51,12,25,14,51,26,22,1,0.23529411764705882,0.49019607843137253,0.27450980392156865,0.5098039215686274,0.43137254901960786,0.0196078431372549
112,butler-wa-6036,245,241,0,0,0,4,0,0,0,0.0,0.0,0.0,0.0,0.0,0.0
113,banksmeadow-nsw-2019,1,0,0,0,0,1,0,1,0,,,,0.0,1.0,0.0
114,plympton-sa-5038,96,64,2,1,0,32,0,0,0,0.03125,0.015625,0.0,0.0,0.0,0.0
115,wattle-glen-vic-3096,19,17,4,2,0,2,2,0,0,0.23529411764705882,0.11764705882352941,0.0,1.0,0.0,0.0
116,royal-park-sa-5014,43,40,0,0,0,3,0,0,0,0.0,0.0,0.0,0.0,0.0,0.0
117,yallambie-vic-3085,28,27,8,0,0,1,1,0,0,0.2962962962962963,0.0,0.0,1.0,0.0,0.0
118,tempe-nsw-2044,63,62,42,18,1,1,1,0,0,0.6774193548387096,0.2903225806451613,0.016129032258064516,1.0,0.0,0.0
119,forest-lodge-nsw-2037,71,36,8,13,15,35,17,9,7,0.2222222222222222,0.3611111111111111,0.4166666666666667,0.4857142857142857,0.2571428571428571,0.2
120,donvale-vic-3111,114,93,47,19,17,21,16,2,0,0.5053763440860215,0.20430107526881722,0.1827956989247312,0.7619047619047619,0.09523809523809523,0.0
121,marleston-sa-5033,19,13,0,0,0,6,0,0,0,0.0,0.0,0.0,0.0,0.0,0.0
122,craigie-wa-6025,106,106,0,0,0,0,0,0,0,0.0,0.0,0.0,,,
123,hornsby-heights-nsw-2077,75,75,49,19,4,0,0,0,0,0.6533333333333333,0.25333333333333335,0.05333333333333334,,,
124,banyo-qld-4014,85,80,0,0,0,5,0,0,0,0.0,0.0,0.0,0.0,0.0,0.0
125,putney-nsw-2112,49,48,1,7,40,1,0,0,1,0.020833333333333332,0.14583333333333334,0.8333333333333334,0.0,0.0,1.0
126,wonga-park-vic-3115,28,28,11,10,5,0,0,0,0,0.39285714285714285,0.35714285714285715,0.17857142857142858,,,
127,denistone-nsw-2114,40,40,3,20,17,0,0,0,0,0.075,0.5,0.425,,,
128,lovett-bay-nsw-2105,2,2,0,0,2,0,0,0,0,0.0,0.0,1.0,,,
129,artarmon-nsw-2064,83,17,0,3,14,66,9,46,11,0.0,0.17647058823529413,0.8235294117647058,0.13636363636363635,0.696969696969697,0.16666666666666666
130,abbotsford-nsw-2046,61,21,0,1,20,40,3,20,17,0.0,0.047619047619047616,0.9523809523809523,0.075,0.5,0.425
131,milton-qld-4064,42,7,2,1,0,35,18,2,0,0.2857142857142857,0.14285714285714285,0.0,0.5142857142857142,0.05714285714285714,0.0
132,exeter-sa-5019,16,14,0,0,0,2,0,0,0,0.0,0.0,0.0,0.0,0.0,0.0
133,kensington-nsw-2033,158,39,0,5,34,119,37,59,21,0.0,0.1282051282051282,0.8717948717948718,0.31092436974789917,0.4957983193277311,0.17647058823529413
134,cottage-point-nsw-2084,2,2,0,0,2,0,0,0,0,0.0,0.0,1.0,,,
135,plympton-park-sa-5038,63,60,1,0,0,3,0,0,0,0.016666666666666666,0.0,0.0,0.0,0.0,0.0
136,allambie-heights-nsw-2100,78,72,1,27,43,6,1,4,0,0.013888888888888888,0.375,0.5972222222222222,0.16666666666666666,0.6666666666666666,0.0
137,thomastown-vic-3074,158,126,1,0,0,32,7,0,0,0.007936507936507936,0.0,0.0,0.21875,0.0,0.0
138,enfield-nsw-2136,32,18,6,7,4,14,13,0,0,0.3333333333333333,0.3888888888888889,0.2222222222222222,0.9285714285714286,0.0,0.0
139,altona-vic-3018,198,121,43,14,7,77,52,3,0,0.35537190082644626,0.11570247933884298,0.05785123966942149,0.6753246753246753,0.03896103896103896,0.0
140,eglinton-wa-6034,61,61,0,0,0,0,0,0,0,0.0,0.0,0.0,,,
141,jindalee-wa-6036,68,68,6,0,0,0,0,0,0,0.08823529411764706,0.0,0.0,,,
142,brisbane-city-qld-4000,282,0,0,0,0,282,86,31,17,,,,0.3049645390070922,0.1099290780141844,0.06028368794326241
143,peppermint-grove-wa-6011,2,1,0,0,1,1,1,0,0,0.0,0.0,1.0,1.0,0.0,0.0
144,bunya-qld-4055,24,24,11,3,0,0,0,0,0,0.4583333333333333,0.125,0.0,,,
145,homebush-nsw-2140,123,9,0,3,6,114,96,4,0,0.0,0.3333333333333333,0.6666666666666666,0.8421052631578947,0.03508771929824561,0.0
146,glebe-nsw-2037,132,67,10,32,24,65,24,21,17,0.14925373134328357,0.47761194029850745,0.3582089552238806,0.36923076923076925,0.3230769230769231,0.26153846153846155
147,blacktown-nsw-2148,647,526,59,5,2,121,27,0,0,0.11216730038022814,0.009505703422053232,0.0038022813688212928,0.2231404958677686,0.0,0.0
148,seville-east-vic-3139,8,8,0,0,0,0,0,0,0,0.0,0.0,0.0,,,
149,rushcutters-bay-nsw-2011,61,1,0,0,1,60,17,19,21,0.0,0.0,1.0,0.2833333333333333,0.31666666666666665,0.35
150,east-killara-nsw-2071,21,21,0,3,18,0,0,0,0,0.0,0.14285714285714285,0.8571428571428571,,,
151,kingsville-vic-3012,66,50,32,3,0,16,5,0,0,0.64,0.06,0.0,0.3125,0.0,0.0
152,moorooka-qld-4105,142,104,10,0,0,38,2,0,1,0.09615384615384616,0.0,0.0,0.05263157894736842,0.0,0.02631578947368421
153,st-leonards-nsw-2065,108,1,0,0,1,107,37,34,35,0.0,0.0,1.0,0.34579439252336447,0.3177570093457944,0.32710280373831774
154,croydon-park-sa-5008,30,26,0,0,0,4,0,0,0,0.0,0.0,0.0,0.0,0.0,0.0
155,gladstone-park-vic-3043,81,78,0,0,0,3,3,0,0,0.0,0.0,0.0,1.0,0.0,0.0
156,semaphore-south-sa-5019,14,10,1,0,0,4,0,0,1,0.1,0.0,0.0,0.0,0.0,0.25
157,ryde-nsw-2112,370,170,25,76,69,200,123,46,6,0.14705882352941177,0.4470588235294118,0.40588235294117647,0.615,0.23,0.03
158,coolbinia-wa-6050,21,18,7,6,3,3,0,0,0,0.3888888888888889,0.3333333333333333,0.16666666666666666,0.0,0.0,0.0
159,woolwich-nsw-2110,1,1,0,0,1,0,0,0,0,0.0,0.0,1.0,,,
160,bellfield-vic-3081,5,5,1,0,0,0,0,0,0,0.2,0.0,0.0,,,
161,clarence-gardens-sa-5039,24,22,1,0,0,2,0,0,0,0.045454545454545456,0.0,0.0,0.0,0.0,0.0
162,hillsdale-nsw-2036,53,9,4,2,2,44,34,7,1,0.4444444444444444,0.2222222222222222,0.2222222222222222,0.7727272727272727,0.1590909090909091,0.022727272727272728
163,richmond-vic-3121,419,191,99,48,28,228,115,25,5,0.518324607329843,0.2513089005235602,0.14659685863874344,0.5043859649122807,0.10964912280701754,0.021929824561403508
164,chirnside-park-vic-3116,158,156,30,3,1,2,2,0,0,0.19230769230769232,0.019230769230769232,0.00641025641025641,1.0,0.0,0.0
165,hornsby-nsw-2077,302,117,57,46,10,185,162,17,1,0.48717948717948717,0.39316239316239315,0.08547008547008547,0.8756756756756757,0.0918918918918919,0.005405405405405406
166,chatswood-nsw-2067,243,102,1,21,80,141,29,63,45,0.00980392156862745,0.20588235294117646,0.7843137254901961,0.20567375886524822,0.44680851063829785,0.3191489361702128
167,daceyville-nsw-2032,3,3,1,2,0,0,0,0,0,0.3333333333333333,0.6666666666666666,0.0,,,
168,cottles-bridge-vic-3099,5,5,2,0,0,0,0,0,0,0.4,0.0,0.0,,,
169,brunswick-east-vic-3057,159,44,20,18,3,115,71,4,1,0.45454545454545453,0.4090909090909091,0.06818181818181818,0.6173913043478261,0.034782608695652174,0.008695652173913044
170,alberton-sa-5014,22,18,1,0,0,4,0,0,0,0.05555555555555555,0.0,0.0,0.0,0.0,0.0
171,moggill-qld-4070,59,59,1,0,1,0,0,0,0,0.01694915254237288,0.0,0.01694915254237288,,,
172,la-perouse-nsw-2036,3,3,0,1,2,0,0,0,0,0.0,0.3333333333333333,0.6666666666666666,,,
173,merriwa-wa-6030,53,53,0,0,0,0,0,0,0,0.0,0.0,0.0,,,
174,burnley-vic-3121,4,1,0,1,0,3,3,0,0,0.0,1.0,0.0,1.0,0.0,0.0
175,lane-cove-north-nsw-2066,18,2,1,1,0,16,7,9,0,0.5,0.5,0.0,0.4375,0.5625,0.0
176,northcote-vic-3070,245,138,57,59,19,107,56,12,7,0.41304347826086957,0.427536231884058,0.13768115942028986,0.5233644859813084,0.11214953271028037,0.06542056074766354
177,duffys-forest-nsw-2084,3,3,0,0,3,0,0,0,0,0.0,0.0,1.0,,,
178,fortitude-valley-qld-4006,127,4,0,0,3,123,24,2,2,0.0,0.0,0.75,0.1951219512195122,0.016260162601626018,0.016260162601626018
179,pullenvale-qld-4069,23,23,13,5,2,0,0,0,0,0.5652173913043478,0.21739130434782608,0.08695652173913043,,,
180,burns-beach-wa-6028,67,67,17,1,0,0,0,0,0,0.2537313432835821,0.014925373134328358,0.0,,,
181,deepdene-vic-3103,11,9,0,1,8,2,1,0,1,0.0,0.1111111111111111,0.8888888888888888,0.5,0.0,0.5
182,watsonia-north-vic-3087,33,32,9,0,0,1,1,0,0,0.28125,0.0,0.0,1.0,0.0,0.0
183,yarrambat-vic-3091,13,13,4,6,2,0,0,0,0,0.3076923076923077,0.46153846153846156,0.15384615384615385,,,
184,willoughby-east-nsw-2068,1,1,0,0,1,0,0,0,0,0.0,0.0,1.0,,,
185,wheeler-heights-nsw-2097,34,31,5,18,8,3,1,2,0,0.16129032258064516,0.5806451612903226,0.25806451612903225,0.3333333333333333,0.6666666666666666,0.0
186,elizabeth-bay-nsw-2011,109,3,0,0,2,106,24,19,52,0.0,0.0,0.6666666666666666,0.22641509433962265,0.1792452830188679,0.49056603773584906
187,doncaster-vic-3108,235,131,78,42,6,104,44,8,2,0.5954198473282443,0.32061068702290074,0.04580152671755725,0.4230769230769231,0.07692307692307693,0.019230769230769232
188,ringwood-north-vic-3134,115,110,59,12,6,5,4,1,0,0.5363636363636364,0.10909090909090909,0.05454545454545454,0.8,0.2,0.0
189,thornleigh-nsw-2120,103,95,51,36,7,8,6,2,0,0.5368421052631579,0.37894736842105264,0.07368421052631578,0.75,0.25,0.0
190,northbridge-nsw-2063,55,37,0,1,36,18,1,5,11,0.0,0.02702702702702703,0.972972972972973,0.05555555555555555,0.2777777777777778,0.6111111111111112
191,keilor-vic-3036,44,41,9,5,0,3,2,1,0,0.21951219512195122,0.12195121951219512,0.0,0.6666666666666666,0.3333333333333333,0.0
192,adelaide-sa-5000,240,59,12,2,1,181,35,3,2,0.2033898305084746,0.03389830508474576,0.01694915254237288,0.19337016574585636,0.016574585635359115,0.011049723756906077
193,vermont-vic-3133,89,67,41,7,0,22,13,7,0,0.6119402985074627,0.1044776119402985,0.0,0.5909090909090909,0.3181818181818182,0.0
194,warwick-wa-6024,31,31,0,0,0,0,0,0,0,0.0,0.0,0.0,,,
195,spring-hill-qld-4000,118,24,7,2,5,94,14,1,1,0.2916666666666667,0.08333333333333333,0.20833333333333334,0.14893617021276595,0.010638297872340425,0.010638297872340425
196,clontarf-nsw-2093,20,20,0,0,20,0,0,0,0,0.0,0.0,1.0,,,
197,kilsyth-vic-3137,158,126,2,1,1,32,29,0,0,0.015873015873015872,0.007936507936507936,0.007936507936507936,0.90625,0.0,0.0
198,iluka-wa-6028,77,77,14,4,0,0,0,0,0,0.18181818181818182,0.05194805194805195,0.0,,,
199,indooroopilly-qld-4068,206,103,29,19,18,103,32,4,2,0.2815533980582524,0.18446601941747573,0.17475728155339806,0.3106796116504854,0.038834951456310676,0.019417475728155338
200,wilston-qld-4051,59,51,23,7,10,8,1,0,0,0.45098039215686275,0.13725490196078433,0.19607843137254902,0.125,0.0,0.0
201,ivanhoe-east-vic-3079,28,17,0,4,13,11,6,4,0,0.0,0.23529411764705882,0.7647058823529411,0.5454545454545454,0.36363636363636365,0.0
202,keilor-north-vic-3036,1,1,0,0,1,0,0,0,0,0.0,0.0,1.0,,,
203,albert-park-sa-5014,21,21,0,0,0,0,0,0,0,0.0,0.0,0.0,,,
204,avondale-heights-vic-3034,121,114,32,3,0,7,3,1,0,0.2807017543859649,0.02631578947368421,0.0,0.42857142857142855,0.14285714285714285,0.0
205,grange-sa-5022,91,72,15,3,2,19,1,0,0,0.20833333333333334,0.041666666666666664,0.027777777777777776,0.05263157894736842,0.0,0.0
206,archerfield-qld-4108,7,7,0,0,0,0,0,0,0,0.0,0.0,0.0,,,
207,newstead-qld-4006,113,0,0,0,0,113,54,9,12,,,,0.4778761061946903,0.07964601769911504,0.10619469026548672
208,riverhills-qld-4074,58,57,1,0,0,1,0,0,0,0.017543859649122806,0.0,0.0,0.0,0.0,0.0
209,bundoora-vic-3083,270,202,33,4,0,68,13,0,0,0.16336633663366337,0.019801980198019802,0.0,0.19117647058823528,0.0,0.0
210,bracken-ridge-qld-4017,259,256,1,0,0,3,0,0,0,0.00390625,0.0,0.0,0.0,0.0,0.0
211,nunawading-vic-3131,122,80,45,14,0,42,24,13,0,0.5625,0.175,0.0,0.5714285714285714,0.30952380952380953,0.0
212,alphington-vic-3078,37,20,2,6,10,17,11,1,1,0.1,0.3,0.5,0.6470588235294118,0.058823529411764705,0.058823529411764705
213,ringwood-east-vic-3135,133,87,33,1,0,46,42,1,0,0.3793103448275862,0.011494252873563218,0.0,0.9130434782608695,0.021739130434782608,0.0
214,bend-of-islands-vic-3097,6,6,0,0,0,0,0,0,0,0.0,0.0,0.0,,,
215,hendon-sa-5014,13,13,0,0,0,0,0,0,0,0.0,0.0,0.0,,,
216,box-hill-vic-3128,119,48,14,23,7,71,25,4,0,0.2916666666666667,0.4791666666666667,0.14583333333333334,0.352112676056338,0.056338028169014086,0.0
217,turramurra-nsw-2074,267,209,5,57,147,58,15,19,24,0.023923444976076555,0.2727272727272727,0.7033492822966507,0.25862068965517243,0.3275862068965517,0.41379310344827586
218,warrandyte-south-vic-3134,7,7,0,3,4,0,0,0,0,0.0,0.42857142857142855,0.5714285714285714,,,
219,woodville-gardens-sa-5012,12,12,0,0,0,0,0,0,0,0.0,0.0,0.0,,,
220,bondi-beach-nsw-2026,160,14,0,1,13,146,9,60,77,0.0,0.07142857142857142,0.9285714285714286,0.06164383561643835,0.410958904109589,0.5273972602739726
221,elanora-heights-nsw-2101,42,40,0,14,26,2,0,1,1,0.0,0.35,0.65,0.0,0.5,0.5
222,seaton-sa-5023,152,129,1,1,0,23,0,0,0,0.007751937984496124,0.007751937984496124,0.0,0.0,0.0,0.0
223,lavender-bay-nsw-2060,13,2,0,0,2,11,4,6,1,0.0,0.0,1.0,0.36363636363636365,0.5454545454545454,0.09090909090909091
224,st-lucia-qld-4067,140,53,17,20,8,87,22,14,12,0.32075471698113206,0.37735849056603776,0.1509433962264151,0.25287356321839083,0.16091954022988506,0.13793103448275862
225,stafford-heights-qld-4053,108,108,5,1,0,0,0,0,0,0.046296296296296294,0.009259259259259259,0.0,,,
226,attwood-vic-3049,24,24,8,0,0,0,0,0,0,0.3333333333333333,0.0,0.0,,,
227,milsons-passage-nsw-2083,2,2,1,0,0,0,0,0,0,0.5,0.0,0.0,,,
228,strathfield-south-nsw-2136,39,24,4,12,8,15,14,0,0,0.16666666666666666,0.5,0.3333333333333333,0.9333333333333333,0.0,0.0
229,ridleyton-sa-5008,16,15,0,0,0,1,1,0,0,0.0,0.0,0.0,1.0,0.0,0.0
230,berowra-nsw-2081,52,51,36,12,0,1,1,0,0,0.7058823529411765,0.23529411764705882,0.0,1.0,0.0,0.0
231,mitchelton-qld-4053,124,110,13,2,0,14,1,0,0,0.11818181818181818,0.01818181818181818,0.0,0.07142857142857142,0.0,0.0
232,regents-park-nsw-2143,55,38,18,1,1,17,3,0,0,0.47368421052631576,0.02631578947368421,0.02631578947368421,0.17647058823529413,0.0,0.0
233,strathmore-vic-3041,87,78,37,28,11,9,2,4,0,0.47435897435897434,0.358974358974359,0.14102564102564102,0.2222222222222222,0.4444444444444444,0.0
234,kings-park-sa-5034,5,2,0,0,0,3,1,0,0,0.0,0.0,0.0,0.3333333333333333,0.0,0.0
235,beecroft-nsw-2119,107,95,5,40,50,12,2,4,6,0.05263157894736842,0.42105263157894735,0.5263157894736842,0.16666666666666666,0.3333333333333333,0.5
236,northbridge-wa-6003,20,4,1,0,0,16,1,0,0,0.25,0.0,0.0,0.0625,0.0,0.0
237,osborne-park-wa-6017,28,15,0,0,0,13,0,0,0,0.0,0.0,0.0,0.0,0.0,0.0
238,burwood-nsw-2134,152,46,4,12,30,106,42,55,6,0.08695652173913043,0.2608695652173913,0.6521739130434783,0.39622641509433965,0.5188679245283019,0.05660377358490566
239,waitara-nsw-2077,111,9,2,5,1,102,90,8,0,0.2222222222222222,0.5555555555555556,0.1111111111111111,0.8823529411764706,0.0784313725490196,0.0
240,kellyville-ridge-nsw-2155,143,125,89,13,1,18,11,0,0,0.712,0.104,0.008,0.6111111111111112,0.0,0.0
241,yarraville-vic-3013,194,153,71,21,8,41,28,3,0,0.46405228758169936,0.13725490196078433,0.05228758169934641,0.6829268292682927,0.07317073170731707,0.0
242,manly-nsw-2095,320,46,0,2,44,274,15,61,198,0.0,0.043478260869565216,0.9565217391304348,0.05474452554744526,0.22262773722627738,0.7226277372262774
243,annandale-nsw-2038,151,124,36,37,51,27,18,8,0,0.2903225806451613,0.29838709677419356,0.4112903225806452,0.6666666666666666,0.2962962962962963,0.0
244,templestowe-vic-3106,166,144,57,47,34,22,10,7,0,0.3958333333333333,0.3263888888888889,0.2361111111111111,0.45454545454545453,0.3181818181818182,0.0
245,bilgola-beach-nsw-2107,2,2,0,0,2,0,0,0,0,0.0,0.0,1.0,,,
246,coburg-north-vic-3058,72,64,26,0,0,8,4,0,0,0.40625,0.0,0.0,0.5,0.0,0.0
247,dallas-vic-3047,59,55,0,0,0,4,0,0,0,0.0,0.0,0.0,0.0,0.0,0.0
248,hadfield-vic-3046,88,61,10,0,0,27,15,0,0,0.16393442622950818,0.0,0.0,0.5555555555555556,0.0,0.0
249,croydon-hills-vic-3136,55,55,22,2,0,0,0,0,0,0.4,0.03636363636363636,0.0,,,
250,bowen-hills-qld-4006,57,5,2,1,0,52,6,1,0,0.4,0.2,0.0,0.11538461538461539,0.019230769230769232,0.0
251,alderley-qld-4051,91,64,22,4,1,27,4,0,0,0.34375,0.0625,0.015625,0.14814814814814814,0.0,0.0
252,west-footscray-vic-3012,143,94,40,2,0,49,11,0,1,0.425531914893617,0.02127659574468085,0.0,0.22448979591836735,0.0,0.02040816326530612
253,alkimos-wa-6038,145,142,0,0,0,3,0,0,0,0.0,0.0,0.0,0.0,0.0,0.0
254,terrey-hills-nsw-2084,13,13,0,9,4,0,0,0,0,0.0,0.6923076923076923,0.3076923076923077,,,
255,whale-beach-nsw-2107,13,13,0,0,13,0,0,0,0,0.0,0.0,1.0,,,
256,malabar-nsw-2036,24,23,1,4,18,1,0,0,1,0.043478260869565216,0.17391304347826086,0.782608695652174,0.0,0.0,1.0
257,windsor-qld-4030,103,62,18,7,4,41,2,0,0,0.2903225806451613,0.11290322580645161,0.06451612903225806,0.04878048780487805,0.0,0.0
258,everton-hills-qld-4053,76,76,1,2,0,0,0,0,0,0.013157894736842105,0.02631578947368421,0.0,,,
259,kew-vic-3101,149,98,14,22,61,51,34,7,3,0.14285714285714285,0.22448979591836735,0.6224489795918368,0.6666666666666666,0.13725490196078433,0.058823529411764705
260,canada-bay-nsw-2046,14,6,0,0,6,8,2,6,0,0.0,0.0,1.0,0.25,0.75,0.0
261,queenscliff-nsw-2096,97,7,0,0,7,90,7,35,48,0.0,0.0,1.0,0.07777777777777778,0.3888888888888889,0.5333333333333333
262,fitzroy-vic-3065,118,58,30,15,12,60,18,23,8,0.5172413793103449,0.25862068965517243,0.20689655172413793,0.3,0.38333333333333336,0.13333333333333333
263,the-gap-qld-4061,159,156,27,6,0,3,2,0,0,0.17307692307692307,0.038461538461538464,0.0,0.6666666666666666,0.0,0.0
264,waverton-nsw-2060,40,4,0,2,2,36,5,10,21,0.0,0.5,0.5,0.1388888888888889,0.2777777777777778,0.5833333333333334
265,hindmarsh-sa-5007,3,1,0,0,0,2,0,0,0,0.0,0.0,0.0,0.0,0.0,0.0
266,beaumont-hills-nsw-2155,115,115,87,26,0,0,0,0,0,0.7565217391304347,0.22608695652173913,0.0,,,
267,maidstone-vic-3012,80,53,16,2,0,27,10,0,0,0.3018867924528302,0.03773584905660377,0.0,0.37037037037037035,0.0,0.0
268,vermont-south-vic-3133,90,85,65,13,2,5,1,3,1,0.7647058823529411,0.15294117647058825,0.023529411764705882,0.2,0.6,0.2
269,yellingbo-vic-3139,1,1,1,0,0,0,0,0,0,1.0,0.0,0.0,,,
270,heathwood-qld-4110,62,62,1,0,0,0,0,0,0,0.016129032258064516,0.0,0.0,,,
271,nundah-qld-4012,228,66,18,2,0,162,8,0,0,0.2727272727272727,0.030303030303030304,0.0,0.04938271604938271,0.0,0.0
272,mile-end-sa-5031,46,40,3,1,0,6,0,0,0,0.075,0.025,0.0,0.0,0.0,0.0
273,pascoe-vale-south-vic-3044,110,93,56,16,0,17,5,0,0,0.6021505376344086,0.17204301075268819,0.0,0.29411764705882354,0.0,0.0
274,wyndham-vale-vic-3024,271,261,0,0,0,10,0,0,0,0.0,0.0,0.0,0.0,0.0,0.0
275,daglish-wa-6008,9,8,4,3,0,1,0,0,0,0.5,0.375,0.0,0.0,0.0,0.0
276,melrose-park-sa-5039,21,19,3,0,0,2,0,0,0,0.15789473684210525,0.0,0.0,0.0,0.0,0.0
277,blackburn-north-vic-3130,77,58,43,5,1,19,11,7,0,0.7413793103448276,0.08620689655172414,0.017241379310344827,0.5789473684210527,0.3684210526315789,0.0
278,hamersley-wa-6022,31,31,0,0,0,0,0,0,0,0.0,0.0,0.0,,,
279,trigg-wa-6029,29,28,6,6,10,1,0,0,0,0.21428571428571427,0.21428571428571427,0.35714285714285715,0.0,0.0,0.0
280,leichhardt-nsw-2040,197,154,54,78,21,43,21,17,5,0.35064935064935066,0.5064935064935064,0.13636363636363635,0.4883720930232558,0.3953488372093023,0.11627906976744186
281,fulham-sa-5024,31,30,10,1,0,1,0,0,0,0.3333333333333333,0.03333333333333333,0.0,0.0,0.0,0.0
282,karrinyup-wa-6018,63,63,13,3,1,0,0,0,0,0.20634920634920634,0.047619047619047616,0.015873015873015872,,,
283,east-melbourne-vic-3002,64,13,1,0,12,51,19,14,11,0.07692307692307693,0.0,0.9230769230769231,0.37254901960784315,0.27450980392156865,0.21568627450980393
284,prospect-nsw-2148,60,56,6,0,0,4,3,0,0,0.10714285714285714,0.0,0.0,0.75,0.0,0.0
285,huntleys-point-nsw-2111,2,2,0,0,2,0,0,0,0,0.0,0.0,1.0,,,
286,granville-nsw-2142,159,77,19,3,1,82,15,0,0,0.24675324675324675,0.03896103896103896,0.012987012987012988,0.18292682926829268,0.0,0.0
287,watermans-bay-wa-6020,13,13,3,1,2,0,0,0,0,0.23076923076923078,0.07692307692307693,0.15384615384615385,,,
288,hilton-sa-5033,10,7,0,0,0,3,0,0,0,0.0,0.0,0.0,0.0,0.0,0.0
289,cheltenham-sa-5014,15,11,0,0,0,4,0,0,0,0.0,0.0,0.0,0.0,0.0,0.0
290,travancore-vic-3032,45,8,1,4,1,37,7,1,0,0.125,0.5,0.125,0.1891891891891892,0.02702702702702703,0.0
291,arana-hills-qld-4054,98,97,1,0,0,1,0,0,0,0.010309278350515464,0.0,0.0,0.0,0.0,0.0
292,ferny-hills-qld-4055,119,119,4,0,0,0,0,0,0,0.03361344537815126,0.0,0.0,,,
293,epping-vic-3076,324,273,2,0,0,51,2,0,0,0.007326007326007326,0.0,0.0,0.0392156862745098,0.0,0.0
294,stirling-wa-6021,81,80,20,0,0,1,0,0,0,0.25,0.0,0.0,0.0,0.0,0.0
295,dundas-nsw-2117,49,35,22,9,1,14,11,0,0,0.6285714285714286,0.2571428571428571,0.02857142857142857,0.7857142857142857,0.0,0.0
296,croydon-north-vic-3136,118,89,24,3,0,29,29,0,0,0.2696629213483146,0.033707865168539325,0.0,1.0,0.0,0.0
297,seaforth-nsw-2092,75,70,0,7,63,5,0,0,5,0.0,0.1,0.9,0.0,0.0,1.0
298,fig-tree-pocket-qld-4069,53,53,9,15,8,0,0,0,0,0.16981132075471697,0.2830188679245283,0.1509433962264151,,,
299,heidelberg-heights-vic-3081,57,48,19,2,1,9,6,1,0,0.3958333333333333,0.041666666666666664,0.020833333333333332,0.6666666666666666,0.1111111111111111,0.0
300,sunshine-north-vic-3020,112,98,8,0,0,14,8,0,0,0.08163265306122448,0.0,0.0,0.5714285714285714,0.0,0.0
301,killarney-heights-nsw-2087,44,42,0,15,27,2,1,1,0,0.0,0.35714285714285715,0.6428571428571429,0.5,0.5,0.0
302,renown-park-sa-5008,19,17,0,0,0,2,0,0,0,0.0,0.0,0.0,0.0,0.0,0.0
303,wandin-east-vic-3139,1,1,1,0,0,0,0,0,0,1.0,0.0,0.0,,,
304,blackburn-vic-3130,157,110,47,35,19,47,16,13,5,0.42727272727272725,0.3181818181818182,0.17272727272727273,0.3404255319148936,0.2765957446808511,0.10638297872340426
305,little-bay-nsw-2036,59,15,0,5,10,44,13,11,20,0.0,0.3333333333333333,0.6666666666666666,0.29545454545454547,0.25,0.45454545454545453
306,campbellfield-vic-3061,28,25,0,0,0,3,0,0,0,0.0,0.0,0.0,0.0,0.0,0.0
307,box-hill-south-vic-3128,90,77,44,22,3,13,3,3,0,0.5714285714285714,0.2857142857142857,0.03896103896103896,0.23076923076923078,0.23076923076923078,0.0
308,osborne-sa-5017,28,26,0,0,0,2,0,0,0,0.0,0.0,0.0,0.0,0.0,0.0
309,ascot-qld-4007,134,77,20,12,35,57,15,1,2,0.2597402597402597,0.15584415584415584,0.45454545454545453,0.2631578947368421,0.017543859649122806,0.03508771929824561
310,erskineville-nsw-2043,182,72,32,24,12,110,39,55,16,0.4444444444444444,0.3333333333333333,0.16666666666666666,0.35454545454545455,0.5,0.14545454545454545
311,ferny-grove-qld-4055,67,64,5,0,0,3,2,0,0,0.078125,0.0,0.0,0.6666666666666666,0.0,0.0
312,sydney-olympic-park-nsw-2127,23,0,0,0,0,23,21,2,0,,,,0.9130434782608695,0.08695652173913043,0.0
313,brooklyn-vic-3012,39,24,4,0,0,15,14,0,0,0.16666666666666666,0.0,0.0,0.9333333333333333,0.0,0.0
314,south-turramurra-nsw-2074,6,6,0,3,3,0,0,0,0,0.0,0.5,0.5,,,
315,keswick-sa-5035,11,9,0,0,0,2,0,0,0,0.0,0.0,0.0,0.0,0.0,0.0
316,acacia-ridge-qld-4110,76,76,0,0,0,0,0,0,0,0.0,0.0,0.0,,,
317,chifley-nsw-2036,22,20,1,7,12,2,0,2,0,0.05,0.35,0.6,0.0,1.0,0.0
318,wacol-qld-4076,11,11,0,0,0,0,0,0,0,0.0,0.0,0.0,,,
319,silverwater-nsw-2128,13,6,3,1,1,7,6,0,0,0.5,0.16666666666666666,0.16666666666666666,0.8571428571428571,0.0,0.0
320,paddington-nsw-2021,215,138,8,25,105,77,22,16,36,0.057971014492753624,0.18115942028985507,0.7608695652173914,0.2857142857142857,0.2077922077922078,0.4675324675324675
321,hillarys-wa-6025,106,96,26,7,1,10,3,0,0,0.2708333333333333,0.07291666666666667,0.010416666666666666,0.3,0.0,0.0
322,shenton-park-wa-6008,39,28,12,7,4,11,2,0,0,0.42857142857142855,0.25,0.14285714285714285,0.18181818181818182,0.0,0.0
323,eatons-hill-qld-4037,121,121,8,0,0,0,0,0,0,0.06611570247933884,0.0,0.0,,,
324,abbotsford-vic-3067,143,52,26,11,3,91,42,6,3,0.5,0.21153846153846154,0.057692307692307696,0.46153846153846156,0.06593406593406594,0.03296703296703297
325,melbourne-vic-3000,609,2,0,1,0,607,227,50,45,0.0,0.5,0.0,0.37397034596375617,0.08237232289950576,0.07413509060955518
326,scarborough-qld-4020,262,168,21,1,0,94,36,13,2,0.125,0.005952380952380952,0.0,0.3829787234042553,0.13829787234042554,0.02127659574468085
327,padbury-wa-6025,98,98,0,0,0,0,0,0,0,0.0,0.0,0.0,,,
328,wayville-sa-5034,25,13,4,1,0,12,1,0,0,0.3076923076923077,0.07692307692307693,0.0,0.08333333333333333,0.0,0.0
329,upper-brookfield-qld-4069,7,7,2,1,0,0,0,0,0,0.2857142857142857,0.14285714285714285,0.0,,,
330,tennyson-qld-4105,7,6,0,0,2,1,0,1,0,0.0,0.0,0.3333333333333333,0.0,1.0,0.0
331,ledge-point-wa-6043,9,9,0,0,0,0,0,0,0,0.0,0.0,0.0,,,
332,mcmahons-point-nsw-2060,35,7,1,1,5,28,4,7,17,0.14285714285714285,0.14285714285714285,0.7142857142857143,0.14285714285714285,0.25,0.6071428571428571
333,jacana-vic-3047,25,21,0,0,0,4,0,0,0,0.0,0.0,0.0,0.0,0.0,0.0
334,epping-nsw-2121,308,163,10,69,84,145,94,48,2,0.06134969325153374,0.4233128834355828,0.5153374233128835,0.6482758620689655,0.3310344827586207,0.013793103448275862
335,rhodes-nsw-2138,155,9,0,1,8,146,54,80,11,0.0,0.1111111111111111,0.8888888888888888,0.3698630136986301,0.547945205479452,0.07534246575342465
336,heathmont-vic-3135,114,90,35,8,0,24,24,0,0,0.3888888888888889,0.08888888888888889,0.0,1.0,0.0,0.0
337,lutwyche-qld-4030,89,27,4,0,0,62,26,5,0,0.14814814814814814,0.0,0.0,0.41935483870967744,0.08064516129032258,0.0
338,chiswick-nsw-2046,47,6,0,0,6,41,16,23,2,0.0,0.0,1.0,0.3902439024390244,0.5609756097560976,0.04878048780487805
339,west-perth-wa-6005,86,14,4,1,0,72,19,3,0,0.2857142857142857,0.07142857142857142,0.0,0.2638888888888889,0.041666666666666664,0.0
340,auchenflower-qld-4066,97,49,17,11,6,48,14,3,0,0.3469387755102041,0.22448979591836735,0.12244897959183673,0.2916666666666667,0.0625,0.0
341,greenvale-vic-3059,204,203,25,8,3,1,0,0,0,0.12315270935960591,0.03940886699507389,0.014778325123152709,0.0,0.0,0.0
342,carlingford-nsw-2118,261,167,67,73,24,94,85,9,0,0.40119760479041916,0.437125748502994,0.1437125748502994,0.9042553191489362,0.09574468085106383,0.0
343,roseville-nsw-2069,111,77,0,4,73,34,7,19,8,0.0,0.05194805194805195,0.948051948051948,0.20588235294117646,0.5588235294117647,0.23529411764705882
344,broadmeadows-vic-3047,112,87,0,0,0,25,2,0,0,0.0,0.0,0.0,0.08,0.0,0.0
345,coogee-nsw-2034,202,37,0,3,34,165,11,64,90,0.0,0.08108108108108109,0.918918918918919,0.06666666666666667,0.3878787878787879,0.5454545454545454
346,wooloowin-qld-4030,59,36,17,3,0,23,4,0,0,0.4722222222222222,0.08333333333333333,0.0,0.17391304347826086,0.0,0.0
347,south-kingsville-vic-3015,29,20,8,1,0,9,4,0,0,0.4,0.05,0.0,0.4444444444444444,0.0,0.0
348,ridgewood-wa-6030,60,59,0,0,0,1,0,0,0,0.0,0.0,0.0,0.0,0.0,0.0
349,kingsbury-vic-3083,23,16,1,0,0,7,2,0,0,0.0625,0.0,0.0,0.2857142857142857,0.0,0.0
350,greensborough-vic-3088,239,206,58,1,0,33,28,3,0,0.2815533980582524,0.0048543689320388345,0.0,0.8484848484848485,0.09090909090909091,0.0
351,thebarton-sa-5031,12,11,0,0,0,1,0,0,0,0.0,0.0,0.0,0.0,0.0,0.0
352,west-end-qld-4101,235,43,25,8,4,192,83,29,11,0.5813953488372093,0.18604651162790697,0.09302325581395349,0.4322916666666667,0.15104166666666666,0.057291666666666664
353,city-beach-wa-6015,34,34,2,11,20,0,0,0,0,0.058823529411764705,0.3235294117647059,0.5882352941176471,,,
354,liberty-grove-nsw-2138,25,3,0,3,0,22,9,13,0,0.0,1.0,0.0,0.4090909090909091,0.5909090909090909,0.0
355,neutral-bay-nsw-2089,159,20,0,2,18,139,39,45,54,0.0,0.1,0.9,0.2805755395683453,0.3237410071942446,0.38848920863309355
356,queenstown-sa-5014,25,20,0,0,0,5,0,0,0,0.0,0.0,0.0,0.0,0.0,0.0
357,bellbowrie-qld-4070,47,46,0,0,0,1,0,0,0,0.0,0.0,0.0,0.0,0.0,0.0
358,novar-gardens-sa-5040,22,22,2,2,0,0,0,0,0,0.09090909090909091,0.09090909090909091,0.0,,,
359,asquith-nsw-2077,79,34,26,7,1,45,37,6,0,0.7647058823529411,0.20588235294117646,0.029411764705882353,0.8222222222222222,0.13333333333333333,0.0
360,rose-bay-nsw-2029,130,26,0,0,26,104,9,43,50,0.0,0.0,1.0,0.08653846153846154,0.41346153846153844,0.4807692307692308
361,gladesville-nsw-2111,189,80,5,29,45,109,79,25,2,0.0625,0.3625,0.5625,0.7247706422018348,0.22935779816513763,0.01834862385321101
362,telopea-nsw-2117,53,32,9,19,3,21,20,0,0,0.28125,0.59375,0.09375,0.9523809523809523,0.0,0.0
363,eveleigh-nsw-2015,3,0,0,0,0,3,2,0,1,,,,0.6666666666666666,0.0,0.3333333333333333
364,watsonia-vic-3087,74,58,12,0,0,16,12,2,0,0.20689655172413793,0.0,0.0,0.75,0.125,0.0
365,mansfield-park-sa-5012,25,23,0,0,0,2,0,0,0,0.0,0.0,0.0,0.0,0.0,0.0
366,maribyrnong-vic-3032,134,56,30,8,2,78,32,2,1,0.5357142857142857,0.14285714285714285,0.03571428571428571,0.41025641025641024,0.02564102564102564,0.01282051282051282
367,clifton-hill-vic-3068,55,34,10,15,7,21,8,3,3,0.29411764705882354,0.4411764705882353,0.20588235294117646,0.38095238095238093,0.14285714285714285,0.14285714285714285
368,essendon-west-vic-3040,17,16,11,3,0,1,1,0,0,0.6875,0.1875,0.0,1.0,0.0,0.0
369,montmorency-vic-3094,97,74,28,5,0,23,19,3,0,0.3783783783783784,0.06756756756756757,0.0,0.8260869565217391,0.13043478260869565,0.0
370,carlton-north-vic-3054,85,63,21,18,19,22,15,5,1,0.3333333333333333,0.2857142857142857,0.30158730158730157,0.6818181818181818,0.22727272727272727,0.045454545454545456
371,tennyson-sa-5022,22,16,6,2,4,6,1,0,0,0.375,0.125,0.25,0.16666666666666666,0.0,0.0
372,research-vic-3095,35,34,11,9,4,1,0,1,0,0.3235294117647059,0.2647058823529412,0.11764705882352941,0.0,1.0,0.0
373,truganina-vic-3029,2,2,0,0,0,0,0,0,0,0.0,0.0,0.0,,,
374,westmeadows-vic-3049,77,66,3,0,0,11,5,0,0,0.045454545454545456,0.0,0.0,0.45454545454545453,0.0,0.0
375,semaphore-park-sa-5019,60,56,1,1,0,4,2,0,0,0.017857142857142856,0.017857142857142856,0.0,0.5,0.0,0.0
376,eltham-vic-3095,200,171,94,10,8,29,21,6,0,0.5497076023391813,0.05847953216374269,0.04678362573099415,0.7241379310344828,0.20689655172413793,0.0
377,fairlight-nsw-2094,91,28,0,1,27,63,4,14,45,0.0,0.03571428571428571,0.9642857142857143,0.06349206349206349,0.2222222222222222,0.7142857142857143
378,hunters-hill-nsw-2110,109,91,1,6,84,18,7,6,5,0.01098901098901099,0.06593406593406594,0.9230769230769231,0.3888888888888889,0.3333333333333333,0.2777777777777778
379,parramatta-nsw-2150,279,27,16,8,0,252,157,8,2,0.5925925925925926,0.2962962962962963,0.0,0.623015873015873,0.031746031746031744,0.007936507936507936
380,brookvale-nsw-2100,75,12,3,5,3,63,25,35,3,0.25,0.4166666666666667,0.25,0.3968253968253968,0.5555555555555556,0.047619047619047616
381,avalon-beach-nsw-2107,148,124,5,21,98,24,6,5,11,0.04032258064516129,0.1693548387096774,0.7903225806451613,0.25,0.20833333333333334,0.4583333333333333
382,davidson-nsw-2085,27,27,0,9,18,0,0,0,0,0.0,0.3333333333333333,0.6666666666666666,,,
383,seabird-wa-6042,2,2,0,0,0,0,0,0,0,0.0,0.0,0.0,,,
384,hurstbridge-vic-3099,33,33,7,0,0,0,0,0,0,0.21212121212121213,0.0,0.0,,,
385,rosewater-sa-5013,56,52,0,0,0,4,0,0,0,0.0,0.0,0.0,0.0,0.0,0.0
386,millswood-sa-5034,14,13,8,2,2,1,1,0,0,0.6153846153846154,0.15384615384615385,0.15384615384615385,1.0,0.0,0.0
387,brooklyn-nsw-2083,6,5,1,0,1,1,1,0,0,0.2,0.0,0.2,1.0,0.0,0.0
388,middle-cove-nsw-2068,9,9,0,0,9,0,0,0,0,0.0,0.0,1.0,,,
389,gowanbrae-vic-3043,20,20,4,0,0,0,0,0,0,0.2,0.0,0.0,,,
390,virginia-qld-4014,34,34,2,0,0,0,0,0,0,0.058823529411764705,0.0,0.0,,,
391,currambine-wa-6028,123,108,1,0,0,15,0,0,0,0.009259259259259259,0.0,0.0,0.0,0.0,0.0
392,kangaroo-ground-vic-3097,13,13,3,5,5,0,0,0,0,0.23076923076923078,0.38461538461538464,0.38461538461538464,,,
393,kippa-ring-qld-4021,125,110,0,0,0,15,0,0,0,0.0,0.0,0.0,0.0,0.0,0.0
394,wandin-north-vic-3139,40,40,6,1,0,0,0,0,0,0.15,0.025,0.0,,,
395,crows-nest-nsw-2065,86,30,1,7,22,56,29,15,11,0.03333333333333333,0.23333333333333334,0.7333333333333333,0.5178571428571429,0.26785714285714285,0.19642857142857142
396,rydalmere-nsw-2116,68,51,42,7,0,17,15,1,0,0.8235294117647058,0.13725490196078433,0.0,0.8823529411764706,0.058823529411764705,0.0
397,killara-nsw-2071,139,78,0,2,76,61,14,31,16,0.0,0.02564102564102564,0.9743589743589743,0.22950819672131148,0.5081967213114754,0.26229508196721313
398,clarence-park-sa-5034,27,16,1,1,1,11,2,0,0,0.0625,0.0625,0.0625,0.18181818181818182,0.0,0.0
399,woolloongabba-qld-4102,84,29,12,2,0,55,8,0,0,0.41379310344827586,0.06896551724137931,0.0,0.14545454545454545,0.0,0.0
400,mullaloo-wa-6027,77,77,7,2,2,0,0,0,0,0.09090909090909091,0.025974025974025976,0.025974025974025976,,,
401,north-narrabeen-nsw-2101,73,66,11,28,27,7,1,0,6,0.16666666666666666,0.42424242424242425,0.4090909090909091,0.14285714285714285,0.0,0.8571428571428571
402,woodville-west-sa-5011,65,54,0,0,0,11,0,0,0,0.0,0.0,0.0,0.0,0.0,0.0
403,woodville-south-sa-5011,51,49,0,0,0,2,0,0,0,0.0,0.0,0.0,0.0,0.0,0.0
404,williams-landing-vic-3027,98,93,6,0,0,5,0,0,0,0.06451612903225806,0.0,0.0,0.0,0.0,0.0
405,lower-plenty-vic-3093,36,21,3,4,6,15,10,1,0,0.14285714285714285,0.19047619047619047,0.2857142857142857,0.6666666666666666,0.06666666666666667,0.0
406,derrimut-vic-3030,690,656,9,1,0,34,12,0,0,0.013719512195121951,0.001524390243902439,0.0,0.35294117647058826,0.0,0.0
407,castle-cove-nsw-2069,28,28,0,0,28,0,0,0,0,0.0,0.0,1.0,,,
408,arthurs-creek-vic-3099,3,3,1,1,1,0,0,0,0,0.3333333333333333,0.3333333333333333,0.3333333333333333,,,
409,edgewater-wa-6027,59,59,0,0,0,0,0,0,0,0.0,0.0,0.0,,,
410,lewisham-nsw-2049,68,32,10,13,8,36,18,17,1,0.3125,0.40625,0.25,0.5,0.4722222222222222,0.027777777777777776
411,highgate-wa-6003,25,7,1,0,1,18,1,0,0,0.14285714285714285,0.0,0.14285714285714285,0.05555555555555555,0.0,0.0
412,west-richmond-sa-5033,11,11,0,0,0,0,0,0,0,0.0,0.0,0.0,,,
413,toowong-qld-4066,198,66,19,7,8,132,40,3,4,0.2878787878787879,0.10606060606060606,0.12121212121212122,0.30303030303030304,0.022727272727272728,0.030303030303030304
414,pymble-nsw-2073,167,132,3,11,118,35,9,14,11,0.022727272727272728,0.08333333333333333,0.8939393939393939,0.2571428571428571,0.4,0.3142857142857143
415,constitution-hill-nsw-2145,30,30,11,1,1,0,0,0,0,0.36666666666666664,0.03333333333333333,0.03333333333333333,,,
416,jindalee-qld-4074,79,79,1,0,0,0,0,0,0,0.012658227848101266,0.0,0.0,,,
417,eastgardens-nsw-2036,5,4,0,4,0,1,1,0,0,0.0,1.0,0.0,1.0,0.0,0.0
418,carlton-vic-3053,122,19,10,6,1,103,36,7,5,0.5263157894736842,0.3157894736842105,0.05263157894736842,0.34951456310679613,0.06796116504854369,0.04854368932038835
419,doubleview-wa-6018,108,98,15,1,0,10,2,0,0,0.15306122448979592,0.01020408163265306,0.0,0.2,0.0,0.0
420,mooney-mooney-nsw-2083,6,6,5,0,0,0,0,0,0,0.8333333333333334,0.0,0.0,,,
421,sydenham-vic-3037,110,81,2,0,0,29,5,0,0,0.024691358024691357,0.0,0.0,0.1724137931034483,0.0,0.0
422,albion-qld-4010,53,19,7,0,0,34,5,1,0,0.3684210526315789,0.0,0.0,0.14705882352941177,0.029411764705882353,0.0
423,forestville-sa-5035,24,17,8,0,0,7,0,0,0,0.47058823529411764,0.0,0.0,0.0,0.0,0.0
424,kooringal-qld-4025,1,1,0,0,0,0,0,0,0,0.0,0.0,0.0,,,
425,upper-kedron-qld-4055,56,56,2,1,0,0,0,0,0,0.03571428571428571,0.017857142857142856,0.0,,,
426,rocklea-qld-4106,23,23,0,0,0,0,0,0,0,0.0,0.0,0.0,,,
427,westmead-nsw-2145,162,19,4,14,0,143,116,0,0,0.21052631578947367,0.7368421052631579,0.0,0.8111888111888111,0.0,0.0
428,henley-beach-south-sa-5022,48,38,19,4,1,10,0,0,0,0.5,0.10526315789473684,0.02631578947368421,0.0,0.0,0.0
429,corinda-qld-4075,65,50,13,1,2,15,1,0,0,0.26,0.02,0.04,0.06666666666666667,0.0,0.0
430,redcliffe-qld-4020,293,143,0,2,1,150,38,19,8,0.0,0.013986013986013986,0.006993006993006993,0.25333333333333335,0.12666666666666668,0.05333333333333334
431,camperdown-nsw-2050,159,39,10,22,7,120,47,45,28,0.2564102564102564,0.5641025641025641,0.1794871794871795,0.39166666666666666,0.375,0.23333333333333334
432,auburn-nsw-2144,225,118,44,8,3,107,38,0,0,0.3728813559322034,0.06779661016949153,0.025423728813559324,0.35514018691588783,0.0,0.0
433,mays-hill-nsw-2145,14,6,1,0,0,8,6,0,0,0.16666666666666666,0.0,0.0,0.75,0.0,0.0
434,sunnybank-qld-4109,77,77,8,2,0,0,0,0,0,0.1038961038961039,0.025974025974025976,0.0,,,
435,normanhurst-nsw-2076,54,54,21,25,8,0,0,0,0,0.3888888888888889,0.46296296296296297,0.14814814814814814,,,
436,kurralta-park-sa-5037,45,25,0,0,0,20,0,0,0,0.0,0.0,0.0,0.0,0.0,0.0
437,preston-vic-3072,339,195,111,23,1,144,66,7,0,0.5692307692307692,0.11794871794871795,0.005128205128205128,0.4583333333333333,0.04861111111111111,0.0
438,dover-heights-nsw-2030,32,24,0,0,24,8,1,4,3,0.0,0.0,1.0,0.125,0.5,0.375
439,homebush-west-nsw-2140,121,6,2,3,1,115,102,1,0,0.3333333333333333,0.5,0.16666666666666666,0.8869565217391304,0.008695652173913044,0.0
440,rouse-hill-nsw-2155,133,114,72,19,1,19,12,6,0,0.631578947368421,0.16666666666666666,0.008771929824561403,0.631578947368421,0.3157894736842105,0.0
441,highgate-hill-qld-4101,80,33,10,8,6,47,18,5,5,0.30303030303030304,0.24242424242424243,0.18181818181818182,0.3829787234042553,0.10638297872340426,0.10638297872340426
442,west-lakes-shore-sa-5020,40,37,7,0,1,3,3,0,0,0.1891891891891892,0.0,0.02702702702702703,1.0,0.0,0.0
443,wembley-wa-6014,84,58,30,13,2,26,0,0,0,0.5172413793103449,0.22413793103448276,0.034482758620689655,0.0,0.0,0.0
444,botany-nsw-2019,129,36,10,16,9,93,46,43,3,0.2777777777777778,0.4444444444444444,0.25,0.4946236559139785,0.46236559139784944,0.03225806451612903
445,beldon-wa-6027,42,42,0,0,0,0,0,0,0,0.0,0.0,0.0,,,
446,fairfield-vic-3078,74,28,14,9,3,46,18,6,0,0.5,0.32142857142857145,0.10714285714285714,0.391304347826087,0.13043478260869565,0.0
447,cabarita-nsw-2137,25,17,0,0,17,8,0,0,8,0.0,0.0,1.0,0.0,0.0,1.0
448,burnside-heights-vic-3023,66,66,3,0,0,0,0,0,0,0.045454545454545456,0.0,0.0,,,
449,kilsyth-south-vic-3137,19,17,4,4,0,2,2,0,0,0.23529411764705882,0.23529411764705882,0.0,1.0,0.0,0.0
450,narrabeen-nsw-2101,154,25,0,2,23,129,24,62,43,0.0,0.08,0.92,0.18604651162790697,0.4806201550387597,0.3333333333333333
451,beverley-sa-5009,29,28,0,0,0,1,0,0,0,0.0,0.0,0.0,0.0,0.0,0.0
452,henley-beach-sa-5022,82,63,22,5,2,19,6,1,1,0.3492063492063492,0.07936507936507936,0.031746031746031744,0.3157894736842105,0.05263157894736842,0.05263157894736842
453,delahey-vic-3037,69,64,0,0,0,5,2,0,0,0.0,0.0,0.0,0.4,0.0,0.0
454,bardon-qld-4065,149,134,50,33,9,15,9,3,1,0.373134328358209,0.2462686567164179,0.06716417910447761,0.6,0.2,0.06666666666666667
455,croydon-vic-3136,392,263,45,3,1,129,87,1,0,0.17110266159695817,0.011406844106463879,0.0038022813688212928,0.6744186046511628,0.007751937984496124,0.0
456,donnybrook-vic-3064,35,35,0,0,0,0,0,0,0,0.0,0.0,0.0,,,
457,fitzroy-north-vic-3068,109,60,25,16,17,49,25,7,0,0.4166666666666667,0.26666666666666666,0.2833333333333333,0.5102040816326531,0.14285714285714285,0.0
458,glendalough-wa-6016,15,3,0,0,0,12,0,0,0,0.0,0.0,0.0,0.0,0.0,0.0
459,clarkson-wa-6030,218,212,0,0,0,6,0,0,0,0.0,0.0,0.0,0.0,0.0,0.0
460,balgowlah-heights-nsw-2093,33,31,0,1,30,2,0,1,1,0.0,0.03225806451612903,0.967741935483871,0.0,0.5,0.5
461,north-perth-wa-6006,120,103,27,5,1,17,4,0,0,0.2621359223300971,0.04854368932038835,0.009708737864077669,0.23529411764705882,0.0,0.0
462,durack-qld-4077,55,54,0,0,0,1,0,0,0,0.0,0.0,0.0,0.0,0.0,0.0
463,st-clair-sa-5011,32,25,2,0,0,7,0,0,0,0.08,0.0,0.0,0.0,0.0,0.0
464,sherwood-qld-4075,89,38,14,10,0,51,5,1,0,0.3684210526315789,0.2631578947368421,0.0,0.09803921568627451,0.0196078431372549,0.0
465,woodville-north-sa-5012,26,22,0,0,0,4,0,0,0,0.0,0.0,0.0,0.0,0.0,0.0
466,nutfield-vic-3099,2,2,0,1,0,0,0,0,0,0.0,0.5,0.0,,,
467,meadow-heights-vic-3048,108,98,1,0,0,10,1,0,0,0.01020408163265306,0.0,0.0,0.1,0.0,0.0
468,kingsley-wa-6026,98,96,4,0,0,2,0,0,0,0.041666666666666664,0.0,0.0,0.0,0.0,0.0
469,peterhead-sa-5016,23,16,0,0,0,7,0,0,0,0.0,0.0,0.0,0.0,0.0,0.0
470,ermington-nsw-2115,122,101,62,32,5,21,20,1,0,0.6138613861386139,0.31683168316831684,0.04950495049504951,0.9523809523809523,0.047619047619047616,0.0
471,russell-lea-nsw-2046,55,39,1,12,26,16,2,7,7,0.02564102564102564,0.3076923076923077,0.6666666666666666,0.125,0.4375,0.4375
472,new-farm-qld-4005,226,60,8,20,30,166,62,14,35,0.13333333333333333,0.3333333333333333,0.5,0.37349397590361444,0.08433734939759036,0.21084337349397592
473,bridgeman-downs-qld-4035,89,89,20,3,3,0,0,0,0,0.2247191011235955,0.033707865168539325,0.033707865168539325,,,
474,balwyn-north-vic-3104,135,110,13,41,56,25,12,9,3,0.11818181818181818,0.37272727272727274,0.509090909090909,0.48,0.36,0.12
475,bar-point-nsw-2083,9,9,1,0,0,0,0,0,0,0.1111111111111111,0.0,0.0,,,
476,dangar-island-nsw-2083,12,12,4,2,0,0,0,0,0,0.3333333333333333,0.16666666666666666,0.0,,,
477,princes-hill-vic-3054,2,2,1,0,1,0,0,0,0,0.5,0.0,0.5,,,
478,cogra-bay-nsw-2083,1,1,0,0,0,0,0,0,0,0.0,0.0,0.0,,,
479,enmore-nsw-2042,55,44,10,25,8,11,8,2,1,0.22727272727272727,0.5681818181818182,0.18181818181818182,0.7272727272727273,0.18181818181818182,0.09090909090909091
480,warrandyte-vic-3113,56,56,21,12,12,0,0,0,0,0.375,0.21428571428571427,0.21428571428571427,,,
481,essendon-vic-3040,255,131,44,46,34,124,57,5,1,0.33587786259541985,0.3511450381679389,0.2595419847328244,0.4596774193548387,0.04032258064516129,0.008064516129032258
482,palm-beach-nsw-2108,39,37,0,2,35,2,0,1,1,0.0,0.05405405405405406,0.9459459459459459,0.0,0.5,0.5
483,salisbury-qld-4107,58,56,2,0,0,2,0,0,0,0.03571428571428571,0.0,0.0,0.0,0.0,0.0
484,kurraba-point-nsw-2089,11,3,0,0,3,8,0,2,6,0.0,0.0,1.0,0.0,0.25,0.75
485,aspley-qld-4034,175,171,7,0,0,4,0,0,0,0.04093567251461988,0.0,0.0,0.0,0.0,0.0
486,darra-qld-4076,32,32,0,0,0,0,0,0,0,0.0,0.0,0.0,,,
487,mambourin-vic-3024,3,3,0,0,0,0,0,0,0,0.0,0.0,0.0,,,
488,cammeray-nsw-2062,102,23,0,1,22,79,15,32,32,0.0,0.043478260869565216,0.9565217391304348,0.189873417721519,0.4050632911392405,0.4050632911392405
489,collaroy-nsw-2097,124,35,1,7,27,89,9,52,28,0.02857142857142857,0.2,0.7714285714285715,0.10112359550561797,0.5842696629213483,0.3146067415730337
490,chapel-hill-qld-4069,136,135,42,6,1,1,0,0,0,0.3111111111111111,0.044444444444444446,0.007407407407407408,0.0,0.0,0.0
491,blackburn-south-vic-3130,104,86,62,10,2,18,8,9,0,0.7209302325581395,0.11627906976744186,0.023255813953488372,0.4444444444444444,0.5,0.0
492,westlake-qld-4074,45,45,6,4,0,0,0,0,0,0.13333333333333333,0.08888888888888889,0.0,,,
493,kellyville-nsw-2155,349,337,183,111,31,12,11,1,0,0.543026706231454,0.3293768545994065,0.09198813056379822,0.9166666666666666,0.08333333333333333,0.0
494,brompton-sa-5007,44,42,1,0,0,2,0,0,0,0.023809523809523808,0.0,0.0,0.0,0.0,0.0
495,marmion-wa-6020,26,24,7,5,5,2,2,0,0,0.2916666666666667,0.20833333333333334,0.20833333333333334,1.0,0.0,0.0
496,toongabbie-nsw-2146,159,111,48,1,2,48,25,0,0,0.43243243243243246,0.009009009009009009,0.018018018018018018,0.5208333333333334,0.0,0.0
497,strathfield-nsw-2135,322,172,2,15,153,150,108,36,0,0.011627906976744186,0.0872093023255814,0.8895348837209303,0.72,0.24,0.0
498,pinjarra-hills-qld-4069,2,2,1,0,0,0,0,0,0,0.5,0.0,0.0,,,
499,crawley-wa-6009,21,4,1,0,0,17,3,1,5,0.25,0.0,0.0,0.17647058823529413,0.058823529411764705,0.29411764705882354
500,newport-qld-4020,113,112,35,10,3,1,1,0,0,0.3125,0.08928571428571429,0.026785714285714284,1.0,0.0,0.0
501,brookfield-qld-4069,29,29,15,6,3,0,0,0,0,0.5172413793103449,0.20689655172413793,0.10344827586206896,,,
502,swanbourne-wa-6010,14,10,3,2,4,4,3,0,0,0.3,0.2,0.4,0.75,0.0,0.0
503,albany-creek-qld-4035,199,199,7,0,0,0,0,0,0,0.035175879396984924,0.0,0.0,,,
504,west-croydon-sa-5008,47,45,4,0,0,2,0,0,0,0.08888888888888889,0.0,0.0,0.0,0.0,0.0
505,kensington-vic-3031,131,71,43,14,3,60,38,0,0,0.6056338028169014,0.19718309859154928,0.04225352112676056,0.6333333333333333,0.0,0.0
506,canterbury-vic-3126,43,33,0,4,29,10,3,6,1,0.0,0.12121212121212122,0.8787878787878788,0.3,0.6,0.1
507,shorncliffe-qld-4017,16,16,3,1,0,0,0,0,0,0.1875,0.0625,0.0,,,
508,sandgate-qld-4017,63,62,8,0,0,1,0,0,0,0.12903225806451613,0.0,0.0,0.0,0.0,0.0
509,seabrook-vic-3028,47,45,0,0,0,2,0,0,0,0.0,0.0,0.0,0.0,0.0,0.0
510,subiaco-wa-6008,98,48,25,12,3,50,26,4,1,0.5208333333333334,0.25,0.0625,0.52,0.08,0.02
511,guilderton-wa-6041,11,11,1,0,0,0,0,0,0,0.09090909090909091,0.0,0.0,,,
512,berala-nsw-2141,49,36,17,6,0,13,3,0,1,0.4722222222222222,0.16666666666666666,0.0,0.23076923076923078,0.0,0.07692307692307693
513,south-brisbane-qld-4101,137,5,2,0,1,132,42,4,3,0.4,0.0,0.2,0.3181818181818182,0.030303030303030304,0.022727272727272728
514,carabooda-wa-6033,1,1,0,0,0,0,0,0,0,0.0,0.0,0.0,,,
515,chelmer-qld-4068,38,37,10,8,10,1,0,0,0,0.2702702702702703,0.21621621621621623,0.2702702702702703,0.0,0.0,0.0
516,freshwater-nsw-2096,162,62,0,6,56,100,22,56,22,0.0,0.0967741935483871,0.9032258064516129,0.22,0.56,0.22
517,st-peters-nsw-2044,78,46,20,20,3,32,14,16,2,0.43478260869565216,0.43478260869565216,0.06521739130434782,0.4375,0.5,0.0625
518,robertson-qld-4109,28,28,7,8,3,0,0,0,0,0.25,0.2857142857142857,0.10714285714285714,,,
519,south-wentworthville-nsw-2145,43,42,11,3,0,1,1,0,0,0.2619047619047619,0.07142857142857142,0.0,1.0,0.0,0.0
520,eaglemont-vic-3084,24,20,4,8,8,4,2,2,0,0.2,0.4,0.4,0.5,0.5,0.0
521,ashford-sa-5035,13,8,1,0,1,5,0,0,0,0.125,0.0,0.125,0.0,0.0,0.0
522,st-ives-nsw-2075,335,255,5,63,187,80,20,36,24,0.0196078431372549,0.24705882352941178,0.7333333333333333,0.25,0.45,0.3
523,longueville-nsw-2066,15,15,0,0,15,0,0,0,0,0.0,0.0,1.0,,,
524,taperoo-sa-5017,32,32,0,0,0,0,0,0,0,0.0,0.0,0.0,,,
525,north-sydney-nsw-2060,114,13,0,1,12,101,29,35,35,0.0,0.07692307692307693,0.9230769230769231,0.2871287128712871,0.3465346534653465,0.3465346534653465
526,glenroy-vic-3046,227,143,16,1,0,84,58,2,0,0.11188811188811189,0.006993006993006993,0.0,0.6904761904761905,0.023809523809523808,0.0
527,ocean-reef-wa-6027,100,99,7,1,0,1,0,0,0,0.0707070707070707,0.010101010101010102,0.0,0.0,0.0,0.0
528,kenmore-qld-4069,128,128,19,3,1,0,0,0,0,0.1484375,0.0234375,0.0078125,,,
529,bella-vista-nsw-2153,99,99,13,36,50,0,0,0,0,0.13131313131313133,0.36363636363636365,0.5050505050505051,,,
530,gordon-park-qld-4031,59,39,17,4,0,20,0,0,0,0.4358974358974359,0.10256410256410256,0.0,0.0,0.0,0.0
531,mosman-park-wa-6012,62,43,19,6,11,19,1,0,0,0.4418604651162791,0.13953488372093023,0.2558139534883721,0.05263157894736842,0.0,0.0
532,docklands-vic-3008,253,2,1,0,1,251,115,39,13,0.5,0.0,0.5,0.4581673306772908,0.1553784860557769,0.05179282868525897
533,glandore-sa-5037,37,27,1,0,0,10,0,0,0,0.037037037037037035,0.0,0.0,0.0,0.0,0.0
534,croydon-park-nsw-2133,95,54,17,25,12,41,32,2,0,0.3148148148148148,0.46296296296296297,0.2222222222222222,0.7804878048780488,0.04878048780487805,0.0
535,north-plympton-sa-5037,49,40,1,0,0,9,0,0,0,0.025,0.0,0.0,0.0,0.0,0.0
536,northwood-nsw-2066,5,5,0,0,5,0,0,0,0,0.0,0.0,1.0,,,
537,sunshine-vic-3020,109,82,15,1,0,27,13,0,0,0.18292682926829268,0.012195121951219513,0.0,0.48148148148148145,0.0,0.0
538,eastwood-nsw-2122,186,129,7,49,72,57,44,9,0,0.05426356589147287,0.3798449612403101,0.5581395348837209,0.7719298245614035,0.15789473684210525,0.0
539,brunswick-west-vic-3055,164,65,39,12,4,99,47,1,0,0.6,0.18461538461538463,0.06153846153846154,0.47474747474747475,0.010101010101010102,0.0
540,eastlakes-nsw-2018,48,21,7,11,3,27,24,0,0,0.3333333333333333,0.5238095238095238,0.14285714285714285,0.8888888888888888,0.0,0.0
541,doolandella-qld-4077,56,56,0,0,0,0,0,0,0,0.0,0.0,0.0,,,
542,clovelly-nsw-2031,60,33,0,2,31,27,0,3,24,0.0,0.06060606060606061,0.9393939393939394,0.0,0.1111111111111111,0.8888888888888888
543,essendon-north-vic-3041,50,22,13,5,0,28,9,2,0,0.5909090909090909,0.22727272727272727,0.0,0.32142857142857145,0.07142857142857142,0.0
544,sinnamon-park-qld-4073,57,56,13,1,0,1,0,0,0,0.23214285714285715,0.017857142857142856,0.0,0.0,0.0,0.0
545,rodd-point-nsw-2046,19,19,0,2,17,0,0,0,0,0.0,0.10526315789473684,0.8947368421052632,,,
546,footscray-vic-3011,226,106,38,3,1,120,33,0,0,0.3584905660377358,0.02830188679245283,0.009433962264150943,0.275,0.0,0.0
547,innaloo-wa-6018,52,40,0,0,0,12,1,0,0,0.0,0.0,0.0,0.08333333333333333,0.0,0.0
548,keilor-east-vic-3033,144,135,40,2,0,9,7,0,0,0.2962962962962963,0.014814814814814815,0.0,0.7777777777777778,0.0,0.0
549,winston-hills-nsw-2153,130,129,94,13,1,1,0,1,0,0.7286821705426356,0.10077519379844961,0.007751937984496124,0.0,1.0,0.0
550,meadowbank-nsw-2114,77,1,0,0,0,76,53,11,3,0.0,0.0,0.0,0.6973684210526315,0.14473684210526316,0.039473684210526314
551,riverview-nsw-2066,30,30,0,0,30,0,0,0,0,0.0,0.0,1.0,,,
552,potts-point-nsw-2011,157,4,1,0,2,153,42,42,59,0.25,0.0,0.5,0.27450980392156865,0.27450980392156865,0.38562091503267976
553,balmain-east-nsw-2041,28,15,1,1,13,13,2,5,6,0.06666666666666667,0.06666666666666667,0.8666666666666667,0.15384615384615385,0.38461538461538464,0.46153846153846156
554,ottoway-sa-5013,21,21,0,0,0,0,0,0,0,0.0,0.0,0.0,,,
555,two-rocks-wa-6037,91,91,1,0,0,0,0,0,0,0.01098901098901099,0.0,0.0,,,
556,denistone-west-nsw-2114,6,6,0,5,1,0,0,0,0,0.0,0.8333333333333334,0.16666666666666666,,,
557,bulwer-qld-4025,1,1,0,0,0,0,0,0,0,0.0,0.0,0.0,,,
558,torrensville-sa-5031,73,49,4,0,0,24,0,0,0,0.08163265306122448,0.0,0.0,0.0,0.0,0.0
559,kings-park-nsw-2148,54,54,9,0,0,0,0,0,0,0.16666666666666666,0.0,0.0,,,
560,cremorne-point-nsw-2090,20,5,0,0,5,15,0,1,14,0.0,0.0,1.0,0.0,0.06666666666666667,0.9333333333333333
561,ringwood-vic-3134,266,156,53,7,1,110,76,4,0,0.33974358974358976,0.04487179487179487,0.00641025641025641,0.6909090909090909,0.03636363636363636,0.0
562,millers-point-nsw-2000,3,1,0,0,1,2,0,0,2,0.0,0.0,1.0,0.0,0.0,1.0
563,west-leederville-wa-6007,56,36,19,6,0,20,7,1,0,0.5277777777777778,0.16666666666666666,0.0,0.35,0.05,0.0
564,wollstonecraft-nsw-2065,114,5,0,1,4,109,20,54,35,0.0,0.2,0.8,0.1834862385321101,0.4954128440366973,0.3211009174311927
565,darling-point-nsw-2027,82,5,0,0,5,77,0,15,62,0.0,0.0,1.0,0.0,0.19480519480519481,0.8051948051948052
566,north-manly-nsw-2100,40,31,1,7,23,9,1,8,0,0.03225806451612903,0.22580645161290322,0.7419354838709677,0.1111111111111111,0.8888888888888888,0.0
567,woodvale-wa-6026,92,91,1,0,0,1,0,0,0,0.01098901098901099,0.0,0.0,0.0,0.0,0.0
568,melrose-park-nsw-2114,18,18,3,13,2,0,0,0,0,0.16666666666666666,0.7222222222222222,0.1111111111111111,,,
569,port-adelaide-sa-5015,14,14,0,0,0,0,0,0,0,0.0,0.0,0.0,,,
570,yeerongpilly-qld-4105,16,8,5,0,0,8,0,0,0,0.625,0.0,0.0,0.0,0.0,0.0
571,brooklyn-park-sa-5032,59,38,0,0,0,21,0,0,0,0.0,0.0,0.0,0.0,0.0,0.0
572,pagewood-nsw-2035,48,35,4,10,21,13,5,7,1,0.11428571428571428,0.2857142857142857,0.6,0.38461538461538464,0.5384615384615384,0.07692307692307693
573,sorrento-wa-6020,65,58,24,7,2,7,0,1,0,0.41379310344827586,0.1206896551724138,0.034482758620689655,0.0,0.14285714285714285,0.0
574,wavell-heights-qld-4012,200,192,55,16,0,8,1,0,0,0.2864583333333333,0.08333333333333333,0.0,0.125,0.0,0.0
575,willoughby-nsw-2068,132,77,2,8,67,55,13,32,8,0.025974025974025976,0.1038961038961039,0.8701298701298701,0.23636363636363636,0.5818181818181818,0.14545454545454545
576,zillmere-qld-4034,133,93,0,0,0,40,0,0,0,0.0,0.0,0.0,0.0,0.0,0.0
577,old-toongabbie-nsw-2146,45,45,20,0,1,0,0,0,0,0.4444444444444444,0.0,0.022222222222222223,,,
578,kenmore-hills-qld-4069,30,30,12,3,1,0,0,0,0,0.4,0.1,0.03333333333333333,,,
579,bondi-nsw-2026,122,25,0,0,25,97,6,38,52,0.0,0.0,1.0,0.061855670103092786,0.3917525773195876,0.5360824742268041
580,mill-park-vic-3082,287,259,10,0,0,28,16,0,0,0.03861003861003861,0.0,0.0,0.5714285714285714,0.0,0.0
581,randwick-nsw-2031,355,92,3,5,84,263,51,134,77,0.03260869565217391,0.05434782608695652,0.9130434782608695,0.19391634980988592,0.5095057034220533,0.29277566539923955
582,kingsford-nsw-2032,107,48,5,8,35,59,23,30,6,0.10416666666666667,0.16666666666666666,0.7291666666666666,0.3898305084745763,0.5084745762711864,0.1016949152542373
583,ultimo-nsw-2007,49,4,1,1,2,45,23,17,2,0.25,0.25,0.5,0.5111111111111111,0.37777777777777777,0.044444444444444446
584,newtown-nsw-2042,232,162,53,74,30,70,27,25,10,0.3271604938271605,0.4567901234567901,0.18518518518518517,0.38571428571428573,0.35714285714285715,0.14285714285714285
585,ashfield-nsw-2131,309,67,21,29,16,242,163,70,2,0.31343283582089554,0.43283582089552236,0.23880597014925373,0.6735537190082644,0.2892561983471074,0.008264462809917356
586,cremorne-vic-3121,5,1,1,0,0,4,3,1,0,1.0,0.0,0.0,0.75,0.25,0.0
587,manly-vale-nsw-2093,110,20,0,4,16,90,33,42,15,0.0,0.2,0.8,0.36666666666666664,0.4666666666666667,0.16666666666666666
588,north-warrandyte-vic-3113,32,32,22,2,1,0,0,0,0,0.6875,0.0625,0.03125,,,
589,south-plympton-sa-5038,53,42,0,0,0,11,0,0,0,0.0,0.0,0.0,0.0,0.0,0.0
590,mcdowall-qld-4053,69,65,7,0,0,4,0,0,0,0.1076923076923077,0.0,0.0,0.0,0.0,0.0
591,everton-park-qld-4053,139,109,7,0,0,30,0,0,0,0.06422018348623854,0.0,0.0,0.0,0.0,0.0
592,burwood-heights-nsw-2136,14,6,1,2,3,8,7,1,0,0.16666666666666666,0.3333333333333333,0.5,0.875,0.125,0.0
593,mount-lawley-wa-6050,130,87,32,11,8,43,4,0,0,0.367816091954023,0.12643678160919541,0.09195402298850575,0.09302325581395349,0.0,0.0
594,heidelberg-vic-3084,93,42,26,10,2,51,34,6,2,0.6190476190476191,0.23809523809523808,0.047619047619047616,0.6666666666666666,0.11764705882352941,0.0392156862745098
595,castlecrag-nsw-2068,25,25,0,0,25,0,0,0,0,0.0,0.0,1.0,,,
596,westleigh-nsw-2120,54,54,30,16,8,0,0,0,0,0.5555555555555556,0.2962962962962963,0.14814814814814814,,,
597,boondall-qld-4034,109,108,0,0,0,1,0,0,0,0.0,0.0,0.0,0.0,0.0,0.0
598,west-pennant-hills-nsw-2125,187,187,24,62,101,0,0,0,0,0.12834224598930483,0.3315508021390374,0.5401069518716578,,,
599,woori-yallock-vic-3139,51,50,3,0,0,1,0,0,0,0.06,0.0,0.0,0.0,0.0,0.0
600,carramar-wa-6031,101,100,0,0,0,1,0,0,0,0.0,0.0,0.0,0.0,0.0,0.0
601,croydon-south-vic-3136,62,59,6,1,1,3,1,1,0,0.1016949152542373,0.01694915254237288,0.01694915254237288,0.3333333333333333,0.3333333333333333,0.0
602,east-ryde-nsw-2113,29,29,0,18,11,0,0,0,0,0.0,0.6206896551724138,0.3793103448275862,,,
603,mount-claremont-wa-6010,23,23,14,4,1,0,0,0,0,0.6086956521739131,0.17391304347826086,0.043478260869565216,,,
604,margate-qld-4019,162,126,4,0,0,36,10,5,0,0.031746031746031744,0.0,0.0,0.2777777777777778,0.1388888888888889,0.0
605,mount-kuring-gai-nsw-2080,18,18,17,1,0,0,0,0,0,0.9444444444444444,0.05555555555555555,0.0,,,
606,carseldine-qld-4034,93,89,1,0,0,4,0,0,0,0.011235955056179775,0.0,0.0,0.0,0.0,0.0
607,scarborough-wa-6019,155,98,18,1,2,57,8,5,4,0.1836734693877551,0.01020408163265306,0.02040816326530612,0.14035087719298245,0.08771929824561403,0.07017543859649122
608,hillside-vic-3037,185,178,16,5,0,7,3,0,0,0.0898876404494382,0.028089887640449437,0.0,0.42857142857142855,0.0,0.0
609,kallaroo-wa-6025,76,75,12,1,0,1,1,0,0,0.16,0.013333333333333334,0.0,1.0,0.0,0.0
610,haberfield-nsw-2045,57,52,1,8,43,5,4,1,0,0.019230769230769232,0.15384615384615385,0.8269230769230769,0.8,0.2,0.0
611,sumner-qld-4074,7,7,0,0,0,0,0,0,0,0.0,0.0,0.0,,,
612,newport-vic-3015,146,126,67,21,4,20,10,2,0,0.5317460317460317,0.16666666666666666,0.031746031746031744,0.5,0.1,0.0
613,balcatta-wa-6021,92,86,0,0,0,6,0,0,0,0.0,0.0,0.0,0.0,0.0,0.0
614,menora-wa-6050,15,13,4,4,0,2,0,0,0,0.3076923076923077,0.3076923076923077,0.0,0.0,0.0,0.0
615,rosehill-nsw-2142,38,5,1,0,0,33,14,0,0,0.2,0.0,0.0,0.42424242424242425,0.0,0.0
616,lane-cove-nsw-2066,370,90,2,17,71,280,137,111,25,0.022222222222222223,0.18888888888888888,0.7888888888888889,0.48928571428571427,0.3964285714285714,0.08928571428571429
617,greystanes-nsw-2145,198,198,55,2,1,0,0,0,0,0.2777777777777778,0.010101010101010102,0.005050505050505051,,,
618,keperra-qld-4054,77,76,0,0,0,1,0,0,0,0.0,0.0,0.0,0.0,0.0,0.0
619,middle-park-qld-4074,37,37,0,0,0,0,0,0,0,0.0,0.0,0.0,,,
620,cromer-nsw-2099,78,72,9,32,31,6,1,5,0,0.125,0.4444444444444444,0.4305555555555556,0.16666666666666666,0.8333333333333334,0.0
621,girraween-nsw-2145,31,28,16,2,0,3,0,0,0,0.5714285714285714,0.07142857142857142,0.0,0.0,0.0,0.0
622,concord-nsw-2137,134,111,2,21,88,23,10,4,6,0.018018018018018018,0.1891891891891892,0.7927927927927928,0.43478260869565216,0.17391304347826086,0.2608695652173913
623,burwood-vic-3125,128,95,57,24,1,33,19,6,0,0.6,0.25263157894736843,0.010526315789473684,0.5757575757575758,0.18181818181818182,0.0
624,paddington-qld-4064,136,102,42,19,20,34,15,1,0,0.4117647058823529,0.18627450980392157,0.19607843137254902,0.4411764705882353,0.029411764705882353,0.0
625,launching-place-vic-3139,36,36,5,0,1,0,0,0,0,0.1388888888888889,0.0,0.027777777777777776,,,
626,stanmore-nsw-2048,132,97,15,52,30,35,24,8,3,0.15463917525773196,0.5360824742268041,0.30927835051546393,0.6857142857142857,0.22857142857142856,0.08571428571428572
627,berowra-creek-nsw-2082,78,76,46,9,2,2,1,1,0,0.6052631578947368,0.11842105263157894,0.02631578947368421,0.5,0.5,0.0
628,lancelin-wa-6044,12,11,1,0,0,1,0,0,0,0.09090909090909091,0.0,0.0,0.0,0.0,0.0
629,moonee-ponds-vic-3039,150,79,36,20,12,71,33,2,1,0.45569620253164556,0.25316455696202533,0.1518987341772152,0.4647887323943662,0.028169014084507043,0.014084507042253521
630,alexandria-nsw-2015,203,58,14,23,21,145,74,57,13,0.2413793103448276,0.39655172413793105,0.3620689655172414,0.5103448275862069,0.3931034482758621,0.0896551724137931
631,kings-park-vic-3021,74,70,0,0,0,4,0,0,0,0.0,0.0,0.0,0.0,0.0,0.0
632,north-willoughby-nsw-2068,3,0,0,0,0,3,2,1,0,,,,0.6666666666666666,0.3333333333333333,0.0
633,altona-north-vic-3025,126,93,19,1,0,33,17,9,0,0.20430107526881722,0.010752688172043012,0.0,0.5151515151515151,0.2727272727272727,0.0
634,roseville-chase-nsw-2069,15,15,0,0,15,0,0,0,0,0.0,0.0,1.0,,,
635,bald-hills-qld-4036,104,103,1,0,0,1,0,0,0,0.009708737864077669,0.0,0.0,0.0,0.0,0.0
636,mount-hawthorn-wa-6016,50,40,14,4,1,10,4,0,0,0.35,0.1,0.025,0.4,0.0,0.0
637,tarneit-vic-3029,690,678,6,0,0,12,0,0,0,0.008849557522123894,0.0,0.0,0.0,0.0,0.0
638,moore-park-nsw-2021,1,0,0,0,0,1,1,0,0,,,,1.0,0.0,0.0
639,pyrmont-nsw-2009,188,5,2,1,2,183,33,50,94,0.4,0.2,0.4,0.18032786885245902,0.273224043715847,0.5136612021857924
640,five-dock-nsw-2046,105,57,3,22,32,48,19,25,4,0.05263157894736842,0.38596491228070173,0.5614035087719298,0.3958333333333333,0.5208333333333334,0.08333333333333333
641,north-beach-wa-6020,29,26,6,2,4,3,0,2,0,0.23076923076923078,0.07692307692307693,0.15384615384615385,0.0,0.6666666666666666,0.0
642,lilyfield-nsw-2040,124,113,15,37,60,11,7,2,2,0.13274336283185842,0.3274336283185841,0.5309734513274337,0.6363636363636364,0.18181818181818182,0.18181818181818182
643,marayong-nsw-2148,92,92,6,0,0,0,0,0,0,0.06521739130434782,0.0,0.0,,,
644,mitcham-vic-3132,172,118,69,14,1,54,27,14,0,0.5847457627118644,0.11864406779661017,0.00847457627118644,0.5,0.25925925925925924,0.0
645,rozelle-nsw-2039,178,123,31,44,48,55,10,22,23,0.25203252032520324,0.35772357723577236,0.3902439024390244,0.18181818181818182,0.4,0.41818181818181815
646,gabbadah-wa-6041,12,12,0,0,0,0,0,0,0,0.0,0.0,0.0,,,
647,haymarket-nsw-2000,29,0,0,0,0,29,4,16,9,,,,0.13793103448275862,0.5517241379310345,0.3103448275862069
648,kew-east-vic-3102,50,35,4,19,12,15,9,2,3,0.11428571428571428,0.5428571428571428,0.34285714285714286,0.6,0.13333333333333333,0.2
649,cowandilla-sa-5033,18,15,0,0,0,3,0,0,0,0.0,0.0,0.0,0.0,0.0,0.0
650,woolloomooloo-nsw-2011,56,3,1,0,2,53,3,15,34,0.3333333333333333,0.0,0.6666666666666666,0.05660377358490566,0.2830188679245283,0.6415094339622641
651,ashgrove-qld-4060,167,130,56,21,8,37,9,1,0,0.4307692307692308,0.16153846153846155,0.06153846153846154,0.24324324324324326,0.02702702702702703,0.0
652,black-forest-sa-5035,29,12,4,0,0,17,0,0,0,0.3333333333333333,0.0,0.0,0.0,0.0,0.0
653,elvina-bay-nsw-2105,1,1,0,0,1,0,0,0,0,0.0,0.0,1.0,,,
654,mile-end-south-sa-5031,1,1,0,0,0,0,0,0,0,0.0,0.0,0.0,,,
655,collaroy-plateau-nsw-2097,45,45,0,17,28,0,0,0,0,0.0,0.37777777777777777,0.6222222222222222,,,
656,kedron-qld-4031,134,99,22,4,1,35,2,0,0,0.2222222222222222,0.04040404040404041,0.010101010101010102,0.05714285714285714,0.0,0.0
657,craigieburn-vic-3064,810,790,12,0,0,20,0,0,0,0.015189873417721518,0.0,0.0,0.0,0.0,0.0
658,naremburn-nsw-2065,76,32,1,5,26,44,7,23,14,0.03125,0.15625,0.8125,0.1590909090909091,0.5227272727272727,0.3181818181818182
659,bulleen-vic-3105,112,94,63,19,2,18,8,7,0,0.6702127659574468,0.20212765957446807,0.02127659574468085,0.4444444444444444,0.3888888888888889,0.0
660,wentworth-point-nsw-2127,304,0,0,0,0,304,249,34,8,,,,0.819078947368421,0.1118421052631579,0.02631578947368421
661,east-lindfield-nsw-2070,33,33,0,2,31,0,0,0,0,0.0,0.06060606060606061,0.9393939393939394,,,
662,ingleside-nsw-2101,11,11,0,2,9,0,0,0,0,0.0,0.18181818181818182,0.8181818181818182,,,
663,cheltenham-nsw-2119,22,22,2,8,12,0,0,0,0,0.09090909090909091,0.36363636363636365,0.5454545454545454,,,
664,tullamarine-vic-3043,81,55,2,0,0,26,7,0,0,0.03636363636363636,0.0,0.0,0.2692307692307692,0.0,0.0
665,beaconsfield-nsw-2015,28,15,7,7,1,13,4,9,0,0.4666666666666667,0.4666666666666667,0.06666666666666667,0.3076923076923077,0.6923076923076923,0.0
666,joondalup-wa-6027,134,89,0,0,0,45,2,0,0,0.0,0.0,0.0,0.044444444444444446,0.0,0.0
667,warrawee-nsw-2074,45,36,0,6,30,9,5,4,0,0.0,0.16666666666666666,0.8333333333333334,0.5555555555555556,0.4444444444444444,0.0
668,huntleys-cove-nsw-2111,5,0,0,0,0,5,1,0,4,,,,0.2,0.0,0.8
669,kalkallo-vic-3064,121,121,0,1,0,0,0,0,0,0.0,0.008264462809917356,0.0,,,
670,church-point-nsw-2105,19,19,1,3,15,0,0,0,0,0.05263157894736842,0.15789473684210525,0.7894736842105263,,,
671,forest-hill-vic-3131,113,94,57,5,1,19,12,6,0,0.6063829787234043,0.05319148936170213,0.010638297872340425,0.631578947368421,0.3157894736842105,0.0
672,teneriffe-qld-4005,139,17,3,4,9,122,68,20,9,0.17647058823529413,0.23529411764705882,0.5294117647058824,0.5573770491803278,0.16393442622950818,0.07377049180327869
673,albion-vic-3020,53,23,4,0,0,30,8,0,0,0.17391304347826086,0.0,0.0,0.26666666666666666,0.0,0.0
674,ethelton-sa-5015,21,19,0,0,0,2,0,0,0,0.0,0.0,0.0,0.0,0.0,0.0
675,geebung-qld-4034,69,69,2,0,0,0,0,0,0,0.028985507246376812,0.0,0.0,,,
676,sunnybank-hills-qld-4109,106,106,8,1,1,0,0,0,0,0.07547169811320754,0.009433962264150943,0.009433962264150943,,,
677,henley-nsw-2111,11,10,0,0,10,1,0,0,1,0.0,0.0,1.0,0.0,0.0,1.0
678,deagon-qld-4017,67,67,0,0,0,0,0,0,0,0.0,0.0,0.0,,,
679,greenwich-nsw-2065,60,26,0,0,26,34,15,8,11,0.0,0.0,1.0,0.4411764705882353,0.23529411764705882,0.3235294117647059
680,clayfield-qld-4011,208,100,33,21,17,108,18,0,0,0.33,0.21,0.17,0.16666666666666666,0.0,0.0
681,largs-bay-sa-5016,42,35,3,0,0,7,0,0,0,0.08571428571428572,0.0,0.0,0.0,0.0,0.0
682,pennington-sa-5013,28,26,0,0,0,2,0,0,0,0.0,0.0,0.0,0.0,0.0,0.0
683,new-port-sa-5015,19,5,0,0,0,14,0,0,0,0.0,0.0,0.0,0.0,0.0,0.0
684,kelvin-grove-qld-4059,79,32,9,2,0,47,6,0,0,0.28125,0.0625,0.0,0.1276595744680851,0.0,0.0
685,lilydale-vic-3140,210,177,18,13,1,33,18,0,0,0.1016949152542373,0.07344632768361582,0.005649717514124294,0.5454545454545454,0.0,0.0
686,balwyn-vic-3103,108,70,6,15,49,38,18,11,7,0.08571428571428572,0.21428571428571427,0.7,0.47368421052631576,0.2894736842105263,0.18421052631578946
687,concord-west-nsw-2138,41,36,0,11,25,5,4,1,0,0.0,0.3055555555555556,0.6944444444444444,0.8,0.2,0.0
688,bellevue-hill-nsw-2023,131,36,0,0,36,95,10,36,48,0.0,0.0,1.0,0.10526315789473684,0.37894736842105264,0.5052631578947369
689,yanchep-wa-6035,215,215,0,0,0,0,0,0,0,0.0,0.0,0.0,,,
690,carine-wa-6020,54,51,2,0,0,3,3,0,0,0.0392156862745098,0.0,0.0,1.0,0.0,0.0
691,enoggera-qld-4051,60,49,8,0,1,11,0,0,0,0.16326530612244897,0.0,0.02040816326530612,0.0,0.0,0.0
692,kidman-park-sa-5025,53,53,1,0,0,0,0,0,0,0.018867924528301886,0.0,0.0,,,
693,waterloo-nsw-2017,209,7,4,2,1,202,94,77,31,0.5714285714285714,0.2857142857142857,0.14285714285714285,0.46534653465346537,0.3811881188118812,0.15346534653465346
694,wareemba-nsw-2046,8,6,1,0,5,2,0,2,0,0.16666666666666666,0.0,0.8333333333333334,0.0,1.0,0.0
695,watsons-bay-nsw-2030,3,2,0,0,2,1,0,0,1,0.0,0.0,1.0,0.0,0.0,1.0
696,north-adelaide-sa-5006,68,40,7,6,6,28,3,0,1,0.175,0.15,0.15,0.10714285714285714,0.0,0.03571428571428571
697,fitzgibbon-qld-4018,104,94,0,0,0,10,0,0,0,0.0,0.0,0.0,0.0,0.0,0.0
698,richlands-qld-4077,22,16,0,0,0,6,0,0,0,0.0,0.0,0.0,0.0,0.0,0.0
699,petrie-terrace-qld-4000,17,16,9,2,2,1,0,0,0,0.5625,0.125,0.125,0.0,0.0,0.0
700,surrey-hills-vic-3127,92,56,6,25,24,36,16,18,2,0.10714285714285714,0.44642857142857145,0.42857142857142855,0.4444444444444444,0.5,0.05555555555555555
701,mosman-nsw-2088,322,143,0,8,135,179,46,55,77,0.0,0.055944055944055944,0.9440559440559441,0.2569832402234637,0.30726256983240224,0.4301675977653631
702,narraweena-nsw-2099,37,37,7,16,14,0,0,0,0,0.1891891891891892,0.43243243243243246,0.3783783783783784,,,
703,goodwood-sa-5034,45,34,8,6,3,11,4,1,0,0.23529411764705882,0.17647058823529413,0.08823529411764706,0.36363636363636365,0.09090909090909091,0.0
704,marsfield-nsw-2122,87,47,4,19,24,40,27,11,0,0.0851063829787234,0.40425531914893614,0.5106382978723404,0.675,0.275,0.0
705,newington-nsw-2127,28,12,8,4,0,16,7,9,0,0.6666666666666666,0.3333333333333333,0.0,0.4375,0.5625,0.0
706,southbank-vic-3006,360,4,0,0,0,356,174,41,13,0.0,0.0,0.0,0.4887640449438202,0.1151685393258427,0.03651685393258427
707,mortlake-nsw-2137,33,5,3,2,0,28,8,15,5,0.6,0.4,0.0,0.2857142857142857,0.5357142857142857,0.17857142857142858
708,mascot-nsw-2020,150,55,21,26,8,95,48,41,3,0.38181818181818183,0.4727272727272727,0.14545454545454545,0.5052631578947369,0.43157894736842106,0.031578947368421054
709,point-cook-vic-3030,604,598,14,0,1,6,1,0,0,0.023411371237458192,0.0,0.0016722408026755853,0.16666666666666666,0.0,0.0
710,strathmore-heights-vic-3041,6,6,4,0,0,0,0,0,0,0.6666666666666666,0.0,0.0,,,
711,graceville-qld-4075,52,49,17,8,5,3,1,0,0,0.3469387755102041,0.16326530612244897,0.10204081632653061,0.3333333333333333,0.0,0.0
712,strathewen-vic-3099,2,2,2,0,0,0,0,0,0,1.0,0.0,0.0,,,
713,lalor-vic-3075,179,148,4,1,0,31,9,0,0,0.02702702702702703,0.006756756756756757,0.0,0.2903225806451613,0.0,0.0
714,park-orchards-vic-3114,50,50,12,20,17,0,0,0,0,0.24,0.4,0.34,,,
715,north-strathfield-nsw-2137,51,14,2,6,6,37,32,5,0,0.14285714285714285,0.42857142857142855,0.42857142857142855,0.8648648648648649,0.13513513513513514,0.0
716,holroyd-nsw-2142,15,5,3,0,0,10,8,0,0,0.6,0.0,0.0,0.8,0.0,0.0
717,quinns-rocks-wa-6030,146,146,7,0,0,0,0,0,0,0.04794520547945205,0.0,0.0,,,
718,chatswood-west-nsw-2067,1,1,0,0,1,0,0,0,0,0.0,0.0,1.0,,,
719,coburg-vic-3058,246,184,112,27,3,62,27,2,0,0.6086956521739131,0.14673913043478262,0.016304347826086956,0.43548387096774194,0.03225806451612903,0.0
720,curl-curl-nsw-2096,31,16,0,1,15,15,0,7,8,0.0,0.0625,0.9375,0.0,0.4666666666666667,0.5333333333333333
721,ellen-grove-qld-4078,14,13,2,0,0,1,0,0,0,0.15384615384615385,0.0,0.0,0.0,0.0,0.0
722,keilor-lodge-vic-3038,1,1,0,0,0,0,0,0,0,0.0,0.0,0.0,,,
723,north-melbourne-vic-3051,146,42,23,6,4,104,62,3,0,0.5476190476190477,0.14285714285714285,0.09523809523809523,0.5961538461538461,0.028846153846153848,0.0
724,croydon-sa-5008,8,7,1,0,0,1,0,0,0,0.14285714285714285,0.0,0.0,0.0,0.0,0.0
725,perth-wa-6000,144,25,9,0,0,119,13,1,3,0.36,0.0,0.0,0.1092436974789916,0.008403361344537815,0.025210084033613446
726,ardeer-vic-3022,48,35,1,0,0,13,10,0,0,0.02857142857142857,0.0,0.0,0.7692307692307693,0.0,0.0
727,birkenhead-sa-5015,25,24,0,0,0,1,0,0,0,0.0,0.0,0.0,0.0,0.0,0.0
728,rothwell-qld-4022,36,33,0,0,0,3,0,0,0,0.0,0.0,0.0,0.0,0.0,0.0
729,athol-park-sa-5012,24,23,0,0,0,1,0,0,0,0.0,0.0,0.0,0.0,0.0,0.0
730,keilor-park-vic-3042,23,22,0,1,0,1,1,0,0,0.0,0.045454545454545456,0.0,1.0,0.0,0.0
731,tamarama-nsw-2026,22,6,0,0,6,16,0,3,13,0.0,0.0,1.0,0.0,0.1875,0.8125
732,harris-park-nsw-2150,71,5,2,1,0,66,13,0,0,0.4,0.2,0.0,0.19696969696969696,0.0,0.0
733,reservoir-vic-3073,543,359,86,6,2,184,111,6,0,0.2395543175487465,0.016713091922005572,0.005571030640668524,0.6032608695652174,0.03260869565217391,0.0
734,greenwood-wa-6024,77,77,0,0,0,0,0,0,0,0.0,0.0,0.0,,,
735,jamboree-heights-qld-4074,37,37,0,0,0,0,0,0,0,0.0,0.0,0.0,,,
736,findon-sa-5023,78,67,0,0,0,11,0,0,0,0.0,0.0,0.0,0.0,0.0,0.0
737,south-coogee-nsw-2034,41,36,0,4,32,5,0,3,2,0.0,0.1111111111111111,0.8888888888888888,0.0,0.6,0.4
738,kalinga-qld-4030,28,28,12,6,3,0,0,0,0,0.42857142857142855,0.21428571428571427,0.10714285714285714,,,
739,scotland-island-nsw-2105,15,15,9,1,2,0,0,0,0,0.6,0.06666666666666667,0.13333333333333333,,,
740,don-valley-vic-3139,7,7,0,0,0,0,0,0,0,0.0,0.0,0.0,,,
741,lalor-park-nsw-2147,113,113,1,0,0,0,0,0,0,0.008849557522123894,0.0,0.0,,,
742,point-piper-nsw-2027,19,3,0,0,3,16,0,1,15,0.0,0.0,1.0,0.0,0.0625,0.9375
743,mooroolbark-vic-3138,320,285,24,0,1,35,28,2,0,0.08421052631578947,0.0,0.0035087719298245615,0.8,0.05714285714285714,0.0
744,glanville-sa-5015,11,11,0,0,0,0,0,0,0,0.0,0.0,0.0,,,
745,double-bay-nsw-2028,63,7,0,0,7,56,5,17,34,0.0,0.0,1.0,0.08928571428571429,0.30357142857142855,0.6071428571428571
746,ascot-vale-vic-3032,172,112,53,22,12,60,22,3,1,0.4732142857142857,0.19642857142857142,0.10714285714285714,0.36666666666666664,0.05,0.016666666666666666
747,braybrook-vic-3019,84,66,6,1,1,18,6,0,0,0.09090909090909091,0.015151515151515152,0.015151515151515152,0.3333333333333333,0.0,0.0
748,croydon-nsw-2132,81,57,5,24,28,24,16,6,0,0.08771929824561403,0.42105263157894735,0.49122807017543857,0.6666666666666666,0.25,0.0
749,grange-qld-4051,44,39,13,10,0,5,0,0,0,0.3333333333333333,0.2564102564102564,0.0,0.0,0.0,0.0
750,dutton-park-qld-4102,17,6,4,1,0,11,0,0,0,0.6666666666666666,0.16666666666666666,0.0,0.0,0.0,0.0
751,deer-park-vic-3023,197,185,0,0,0,12,3,0,0,0.0,0.0,0.0,0.25,0.0,0.0
752,devon-park-sa-5008,14,13,0,0,0,1,0,0,0,0.0,0.0,0.0,0.0,0.0,0.0
753,forest-lake-qld-4078,294,290,2,0,0,4,0,0,0,0.006896551724137931,0.0,0.0,0.0,0.0,0.0
754,viewbank-vic-3084,53,47,25,5,2,6,6,0,0,0.5319148936170213,0.10638297872340426,0.0425531914893617,1.0,0.0,0.0
755,wahroonga-nsw-2076,282,228,23,80,123,54,19,24,11,0.10087719298245613,0.3508771929824561,0.5394736842105263,0.35185185185185186,0.4444444444444444,0.2037037037037037
756,baulkham-hills-nsw-2153,371,298,175,103,11,73,63,9,0,0.587248322147651,0.34563758389261745,0.03691275167785235,0.863013698630137,0.1232876712328767,0.0
757,yeronga-qld-4104,70,47,17,8,5,23,3,0,0,0.3617021276595745,0.1702127659574468,0.10638297872340426,0.13043478260869565,0.0,0.0
758,parkville-vic-3052,46,14,4,3,7,32,9,7,1,0.2857142857142857,0.21428571428571427,0.5,0.28125,0.21875,0.03125
759,dundas-valley-nsw-2117,47,47,28,13,3,0,0,0,0,0.5957446808510638,0.2765957446808511,0.06382978723404255,,,
760,oak-park-vic-3046,68,53,32,1,0,15,8,0,0,0.6037735849056604,0.018867924528301886,0.0,0.5333333333333333,0.0,0.0
761,floreat-wa-6014,45,41,11,14,14,4,4,0,0,0.2682926829268293,0.34146341463414637,0.34146341463414637,1.0,0.0,0.0
762,angle-park-sa-5010,12,9,0,0,0,3,0,0,0,0.0,0.0,0.0,0.0,0.0,0.0
763,fawkner-vic-3060,123,106,6,0,1,17,10,0,0,0.05660377358490566,0.0,0.009433962264150943,0.5882352941176471,0.0,0.0
764,seddon-vic-3011,75,61,35,10,2,14,7,1,0,0.5737704918032787,0.16393442622950818,0.03278688524590164,0.5,0.07142857142857142,0.0
765,fairfield-qld-4103,34,23,6,1,2,11,0,0,0,0.2608695652173913,0.043478260869565216,0.08695652173913043,0.0,0.0,0.0
766,taylors-lakes-vic-3038,118,116,14,1,0,2,1,0,0,0.1206896551724138,0.008620689655172414,0.0,0.5,0.0,0.0
767,kilkenny-sa-5009,17,17,0,0,0,0,0,0,0,0.0,0.0,0.0,,,
768,woodville-park-sa-5011,11,10,0,0,0,1,0,0,0,0.0,0.0,0.0,0.0,0.0,0.0
769,oatlands-nsw-2117,54,53,18,12,21,1,0,1,0,0.33962264150943394,0.22641509433962265,0.39622641509433965,0.0,1.0,0.0
770,north-epping-nsw-2121,56,56,4,34,17,0,0,0,0,0.07142857142857142,0.6071428571428571,0.30357142857142855,,,
771,north-turramurra-nsw-2074,1,0,0,0,0,1,1,0,0,,,,1.0,0.0,0.0
772,st-albans-vic-3021,336,262,5,3,0,74,22,1,0,0.019083969465648856,0.011450381679389313,0.0,0.2972972972972973,0.013513513513513514,0.0
773,laverton-vic-3028,96,87,1,0,0,9,3,0,0,0.011494252873563218,0.0,0.0,0.3333333333333333,0.0,0.0
774,wentworthville-nsw-2145,123,61,43,4,0,62,38,1,0,0.7049180327868853,0.06557377049180328,0.0,0.6129032258064516,0.016129032258064516,0.0
775,inala-qld-4077,102,102,0,0,0,0,0,0,0,0.0,0.0,0.0,,,
776,aberfeldie-vic-3040,25,20,4,10,5,5,1,2,0,0.2,0.5,0.25,0.2,0.4,0.0
777,box-hill-north-vic-3129,116,88,57,17,5,28,15,11,1,0.6477272727272727,0.19318181818181818,0.056818181818181816,0.5357142857142857,0.39285714285714285,0.03571428571428571
778,welland-sa-5007,6,6,0,0,0,0,0,0,0,0.0,0.0,0.0,,,
779,burnside-vic-3023,37,37,0,0,0,0,0,0,0,0.0,0.0,0.0,,,
780,werribee-south-vic-3030,25,19,1,1,0,6,3,0,0,0.05263157894736842,0.05263157894736842,0.0,0.5,0.0,0.0
781,fulham-gardens-sa-5024,66,61,7,0,0,5,0,0,0,0.11475409836065574,0.0,0.0,0.0,0.0,0.0
782,warranwood-vic-3134,48,46,23,2,3,2,1,1,0,0.5,0.043478260869565216,0.06521739130434782,0.5,0.5,0.0
783,kinross-wa-6028,88,84,0,0,0,4,0,0,0,0.0,0.0,0.0,0.0,0.0,0.0
784,ivanhoe-vic-3079,123,58,17,22,16,65,32,19,2,0.29310344827586204,0.3793103448275862,0.27586206896551724,0.49230769230769234,0.2923076923076923,0.03076923076923077
785,claremont-wa-6010,78,36,13,6,9,42,12,4,5,0.3611111111111111,0.16666666666666666,0.25,0.2857142857142857,0.09523809523809523,0.11904761904761904
786,rosanna-vic-3084,78,56,35,6,1,22,16,4,0,0.625,0.10714285714285714,0.017857142857142856,0.7272727272727273,0.18181818181818182,0.0
787,connolly-wa-6027,70,67,2,0,0,3,0,0,0,0.029850746268656716,0.0,0.0,0.0,0.0,0.0
788,west-ryde-nsw-2114,151,71,12,42,16,80,62,5,0,0.16901408450704225,0.5915492957746479,0.22535211267605634,0.775,0.0625,0.0
789,drummoyne-nsw-2047,153,47,5,9,33,106,17,46,42,0.10638297872340426,0.19148936170212766,0.7021276595744681,0.16037735849056603,0.4339622641509434,0.39622641509433965
790,belrose-nsw-2085,94,94,11,41,41,0,0,0,0,0.11702127659574468,0.43617021276595747,0.43617021276595747,,,
791,mona-vale-nsw-2103,137,80,7,20,53,57,10,18,29,0.0875,0.25,0.6625,0.17543859649122806,0.3157894736842105,0.5087719298245614
792,woodlands-wa-6018,22,19,10,1,1,3,0,0,0,0.5263157894736842,0.05263157894736842,0.05263157894736842,0.0,0.0,0.0
793,williamstown-north-vic-3016,2,2,1,0,0,0,0,0,0,0.5,0.0,0.0,,,
794,anstead-qld-4070,7,7,1,0,0,0,0,0,0,0.14285714285714285,0.0,0.0,,,
795,jolimont-wa-6014,30,16,3,0,0,14,4,0,0,0.1875,0.0,0.0,0.2857142857142857,0.0,0.0
796,richmond-sa-5033,54,51,0,0,0,3,0,0,0,0.0,0.0,0.0,0.0,0.0,0.0
797,dudley-park-sa-5008,5,5,0,0,0,0,0,0,0,0.0,0.0,0.0,,,
798,nilgen-wa-6044,3,3,0,0,0,0,0,0,0,0.0,0.0,0.0,,,
799,plenty-vic-3090,12,11,6,3,2,1,1,0,0,0.5454545454545454,0.2727272727272727,0.18181818181818182,1.0,0.0,0.0
800,tennyson-point-nsw-2111,16,16,1,1,14,0,0,0,0,0.0625,0.0625,0.875,,,
801,west-melbourne-vic-3003,76,14,7,2,2,62,18,11,1,0.5,0.14285714285714285,0.14285714285714285,0.2903225806451613,0.1774193548387097,0.016129032258064516
802,birchgrove-nsw-2041,56,49,1,14,34,7,2,3,2,0.02040816326530612,0.2857142857142857,0.6938775510204082,0.2857142857142857,0.42857142857142855,0.2857142857142857
803,nedlands-wa-6009,44,35,7,14,11,9,1,1,3,0.2,0.4,0.3142857142857143,0.1111111111111111,0.1111111111111111,0.3333333333333333
804,nudgee-qld-4014,45,45,0,0,0,0,0,0,0,0.0,0.0,0.0,,,
805,cheero-point-nsw-2083,5,5,2,0,0,0,0,0,0,0.4,0.0,0.0,,,
806,north-parramatta-nsw-2151,138,33,18,6,5,105,76,1,0,0.5454545454545454,0.18181818181818182,0.15151515151515152,0.7238095238095238,0.009523809523809525,0.0
807,summer-hill-nsw-2130,109,44,8,16,19,65,39,24,1,0.18181818181818182,0.36363636363636365,0.4318181818181818,0.6,0.36923076923076925,0.015384615384615385
808,west-lakes-sa-5021,90,72,17,3,1,18,6,6,0,0.2361111111111111,0.041666666666666664,0.013888888888888888,0.3333333333333333,0.3333333333333333,0.0
809,lockleys-sa-5032,77,64,12,1,2,13,0,0,0,0.1875,0.015625,0.03125,0.0,0.0,0.0
810,mount-ommaney-qld-4074,25,25,11,3,1,0,0,0,0,0.44,0.12,0.04,,,
811,seaholme-vic-3018,22,16,10,1,0,6,0,1,0,0.625,0.0625,0.0,0.0,0.16666666666666666,0.0
812,collingwood-vic-3066,134,23,13,3,0,111,57,19,9,0.5652173913043478,0.13043478260869565,0.0,0.5135135135135135,0.17117117117117117,0.08108108108108109
813,doncaster-east-vic-3109,292,209,128,66,8,83,38,27,1,0.6124401913875598,0.3157894736842105,0.03827751196172249,0.4578313253012048,0.3253012048192771,0.012048192771084338
814,banksia-grove-wa-6031,118,118,0,0,0,0,0,0,0,0.0,0.0,0.0,,,
815,stafford-qld-4053,118,86,7,2,0,32,0,0,0,0.08139534883720931,0.023255813953488372,0.0,0.0,0.0,0.0
816,bowden-sa-5007,37,11,1,0,0,26,4,0,0,0.09090909090909091,0.0,0.0,0.15384615384615385,0.0,0.0
817,darlington-nsw-2008,41,28,12,10,6,13,3,5,4,0.42857142857142855,0.35714285714285715,0.21428571428571427,0.23076923076923078,0.38461538461538464,0.3076923076923077
818,williamstown-vic-3016,198,157,63,43,27,41,24,2,0,0.4012738853503185,0.27388535031847133,0.17197452229299362,0.5853658536585366,0.04878048780487805,0.0
819,hoppers-crossing-vic-3029,446,420,6,7,0,26,4,0,0,0.014285714285714285,0.016666666666666666,0.0,0.15384615384615385,0.0,0.0
820,north-balgowlah-nsw-2093,45,44,0,10,34,1,1,0,0,0.0,0.22727272727272727,0.7727272727272727,1.0,0.0,0.0
821,altona-meadows-vic-3028,205,159,5,0,0,46,12,0,0,0.031446540880503145,0.0,0.0,0.2608695652173913,0.0,0.0
822,north-wahroonga-nsw-2076,1,1,0,1,0,0,0,0,0,0.0,1.0,0.0,,,
823,werribee-vic-3030,632,579,11,2,1,53,3,0,0,0.018998272884283247,0.0034542314335060447,0.0017271157167530224,0.05660377358490566,0.0,0.0
824,newmarket-qld-4051,48,41,12,4,2,7,1,0,0,0.2926829268292683,0.0975609756097561,0.04878048780487805,0.14285714285714285,0.0,0.0
825,semaphore-sa-5019,47,40,4,4,0,7,0,0,0,0.1,0.1,0.0,0.0,0.0,0.0
826,oxley-qld-4075,117,114,0,0,0,3,0,0,0,0.0,0.0,0.0,0.0,0.0,0.0
827,linley-point-nsw-2066,4,4,0,1,3,0,0,0,0,0.0,0.25,0.75,,,
828,herston-qld-4006,25,20,12,0,0,5,2,0,0,0.6,0.0,0.0,0.4,0.0,0.0
829,nowergup-wa-6032,2,2,0,0,1,0,0,0,0,0.0,0.0,0.5,,,
830,spotswood-vic-3015,38,31,17,3,0,7,5,0,0,0.5483870967741935,0.0967741935483871,0.0,0.7142857142857143,0.0,0.0
831,albanvale-vic-3021,62,61,1,0,0,1,0,0,0,0.01639344262295082,0.0,0.0,0.0,0.0,0.0
832,chermside-qld-4032,141,44,3,0,0,97,2,0,0,0.06818181818181818,0.0,0.0,0.020618556701030927,0.0,0.0
833,vaucluse-nsw-2030,96,54,3,0,51,42,2,22,18,0.05555555555555555,0.0,0.9444444444444444,0.047619047619047616,0.5238095238095238,0.42857142857142855
834,templestowe-lower-vic-3107,134,117,77,24,3,17,7,9,0,0.6581196581196581,0.20512820512820512,0.02564102564102564,0.4117647058823529,0.5294117647058824,0.0
835,heathridge-wa-6027,137,136,0,0,0,1,0,0,0,0.0,0.0,0.0,0.0,0.0,0.0
836,leederville-wa-6007,45,26,3,3,1,19,7,0,0,0.11538461538461539,0.11538461538461539,0.038461538461538464,0.3684210526315789,0.0,0.0
837,queens-park-nsw-2022,33,28,0,8,20,5,1,2,2,0.0,0.2857142857142857,0.7142857142857143,0.2,0.4,0.4
838,pennant-hills-nsw-2120,92,72,20,33,18,20,17,1,0,0.2777777777777778,0.4583333333333333,0.25,0.85,0.05,0.0
839,northmead-nsw-2152,146,73,46,10,0,73,42,1,0,0.6301369863013698,0.136986301369863,0.0,0.5753424657534246,0.0136986301369863,0.0
840,clontarf-qld-4019,178,150,2,0,0,28,3,1,0,0.013333333333333334,0.0,0.0,0.10714285714285714,0.03571428571428571,0.0
841,cottesloe-wa-6011,34,21,6,4,11,13,5,3,1,0.2857142857142857,0.19047619047619047,0.5238095238095238,0.38461538461538464,0.23076923076923078,0.07692307692307693
842,breakfast-point-nsw-2137,113,4,0,0,4,109,21,30,58,0.0,0.0,1.0,0.1926605504587156,0.27522935779816515,0.5321100917431193
843,keilor-downs-vic-3038,69,55,1,0,0,14,11,0,0,0.01818181818181818,0.0,0.0,0.7857142857142857,0.0,0.0
844,macquarie-park-nsw-2113,89,0,0,0,0,89,59,29,0,,,,0.6629213483146067,0.3258426966292135,0.0
845,woody-point-qld-4019,139,75,1,0,1,64,23,11,1,0.013333333333333334,0.0,0.013333333333333334,0.359375,0.171875,0.015625
846,bondi-junction-nsw-2022,116,44,4,8,32,72,16,23,32,0.09090909090909091,0.18181818181818182,0.7272727272727273,0.2222222222222222,0.3194444444444444,0.4444444444444444
847,edgecliff-nsw-2027,38,6,2,0,4,32,7,12,13,0.3333333333333333,0.0,0.6666666666666666,0.21875,0.375,0.40625
848,annerley-qld-4103,134,71,14,1,0,63,4,0,0,0.19718309859154928,0.014084507042253521,0.0,0.06349206349206349,0.0,0.0
849,east-perth-wa-6004,230,16,4,3,1,214,56,18,6,0.25,0.1875,0.0625,0.2616822429906542,0.08411214953271028,0.028037383177570093
850,warriewood-nsw-2102,95,59,3,29,27,36,1,23,12,0.05084745762711865,0.4915254237288136,0.4576271186440678,0.027777777777777776,0.6388888888888888,0.3333333333333333
